Date,Symbol,Series,Prev Close,Open,High,Low,Adj Close,Close,VWAP,Volume,Turnover,Trades,Deliverable Volume,%Deliverble
2020-01-01,RELIANCE,EQ,1514.05,1518.0,1527.1,1505.5,1511.8,1509.6,1515.23,6402372,970106310340000.0,122265,1523290,0.2379
2020-01-02,RELIANCE,EQ,1509.6,1512.0,1540.95,1512.0,1534.1,1535.3,1530.86,8096561,1239470967575000.0,151727,3386321,0.4182
2020-01-03,RELIANCE,EQ,1535.3,1533.0,1541.65,1523.0,1536.0,1537.15,1532.73,9593498,1470428307180000.0,149003,5288843,0.5513
2020-01-06,RELIANCE,EQ,1537.15,1520.0,1527.9,1498.0,1499.9,1501.5,1512.57,11209343,1695493679960000.0,225138,6398638,0.5708
2020-01-07,RELIANCE,EQ,1501.5,1519.0,1534.5,1513.5,1526.95,1524.6,1523.12,7627191,1161709633505000.0,180713,3049916,0.39990000000000003
2020-01-08,RELIANCE,EQ,1524.6,1515.0,1534.45,1510.0,1514.0,1513.15,1518.24,7336561,1113864361779999.9,169662,2863686,0.39030000000000004
2020-01-09,RELIANCE,EQ,1513.15,1538.6,1550.0,1531.25,1549.5,1548.0,1541.76,6849606,1056043196279999.9,154953,2657056,0.3879
2020-01-10,RELIANCE,EQ,1548.0,1551.9,1557.95,1539.65,1546.85,1547.65,1549.42,5704686,883895416535000.0,136340,2546462,0.4464
2020-01-13,RELIANCE,EQ,1547.65,1545.05,1558.7,1538.4,1539.85,1543.7,1548.94,8358090,1294614680655000.0,143022,5030540,0.6019
2020-01-14,RELIANCE,EQ,1543.7,1540.0,1550.0,1521.85,1529.1,1529.4,1533.76,7230788,1109026262840000.0,173502,3796096,0.525
2020-01-15,RELIANCE,EQ,1529.4,1535.85,1539.9,1518.25,1524.1,1523.85,1526.75,7231393,1104055071500000.0,212172,3990113,0.5518
2020-01-16,RELIANCE,EQ,1523.85,1529.0,1543.35,1528.0,1538.7,1537.9,1535.41,5873662,901850836720000.1,164724,2552659,0.43460000000000004
2020-01-17,RELIANCE,EQ,1537.9,1553.5,1584.95,1553.2,1581.0,1581.0,1573.0,13469708,2118790726825000.0,279304,5551881,0.4122
2020-01-20,RELIANCE,EQ,1581.0,1609.0,1609.0,1526.4,1532.2,1532.35,1557.85,14878868,2317910084245000.0,338270,5239886,0.3522
2020-01-21,RELIANCE,EQ,1532.35,1528.6,1545.85,1522.0,1535.0,1533.9,1535.68,8650831,1328489187110000.0,233395,3328773,0.3848
2020-01-22,RELIANCE,EQ,1533.9,1544.0,1546.75,1531.1,1535.25,1533.35,1538.16,4719245,725895421565000.0,143828,2043807,0.43310000000000004
2020-01-23,RELIANCE,EQ,1533.35,1536.5,1541.95,1520.7,1529.6,1526.85,1528.79,5142088,786118715120000.0,149239,2364600,0.45990000000000003
2020-01-24,RELIANCE,EQ,1526.85,1527.0,1536.35,1518.55,1524.05,1521.55,1525.74,6687633,1020359471260000.0,152146,3325568,0.49729999999999996
2020-01-27,RELIANCE,EQ,1521.55,1514.9,1524.45,1505.0,1508.0,1506.55,1513.43,6120429,926281508629999.9,130826,2671210,0.4364
2020-01-28,RELIANCE,EQ,1506.55,1508.6,1510.0,1463.6,1473.5,1471.75,1485.82,11215313,1666398852440000.0,271852,6064582,0.5407000000000001
2020-01-29,RELIANCE,EQ,1471.75,1474.05,1494.4,1464.05,1480.0,1479.85,1479.34,11313297,1673617282755000.0,254760,4513527,0.399
2020-01-30,RELIANCE,EQ,1479.85,1479.0,1479.7,1440.0,1443.0,1443.75,1452.4,10241756,1487511666740000.0,231136,4854357,0.474
2020-01-31,RELIANCE,EQ,1443.75,1453.0,1453.25,1407.2,1410.0,1411.65,1425.75,15886673,2265037455680000.0,330774,8885318,0.5593
2020-02-01,RELIANCE,EQ,1411.65,1405.3,1426.95,1371.1,1372.0,1383.35,1402.89,11022901,1546388956165000.0,243212,3263872,0.2961
2020-02-03,RELIANCE,EQ,1383.35,1369.9,1399.95,1363.05,1386.0,1385.5,1380.77,14040626,1938689266065000.2,370104,6963618,0.49600000000000005
2020-02-04,RELIANCE,EQ,1385.5,1400.0,1432.5,1397.8,1427.5,1426.4,1419.31,11604666,1647059899660000.0,286666,5299061,0.45659999999999995
2020-02-05,RELIANCE,EQ,1426.4,1434.9,1452.8,1430.3,1446.3,1448.5,1442.46,8444823,1218135064445000.0,242039,3774342,0.44689999999999996
2020-02-06,RELIANCE,EQ,1448.5,1454.1,1467.0,1440.1,1455.0,1457.8,1452.93,7103715,1032120399595000.1,163247,2877846,0.4051
2020-02-07,RELIANCE,EQ,1457.8,1451.0,1452.35,1428.3,1432.0,1433.65,1437.06,5581641,802113886945000.0,134128,2493746,0.44680000000000003
2020-02-10,RELIANCE,EQ,1433.65,1428.0,1445.5,1410.45,1442.2,1435.6,1424.41,6922631,986065864854999.9,143055,3096467,0.4473
2020-02-11,RELIANCE,EQ,1435.6,1447.4,1466.2,1445.05,1454.5,1452.75,1457.22,6400245,932654962215000.0,224142,2779570,0.4343
2020-02-12,RELIANCE,EQ,1452.75,1456.15,1474.85,1455.0,1473.15,1470.3,1465.86,6187091,906938078760000.0,192511,3063711,0.49520000000000003
2020-02-13,RELIANCE,EQ,1470.3,1477.75,1477.75,1462.6,1470.45,1474.15,1470.71,6201763,912096612020000.1,116464,2969412,0.47880000000000006
2020-02-14,RELIANCE,EQ,1474.15,1477.25,1501.45,1453.1,1485.85,1487.6,1483.41,9704655,1439596176000000.0,229509,3144368,0.324
2020-02-17,RELIANCE,EQ,1487.6,1489.0,1506.15,1474.3,1478.5,1478.25,1487.62,6011340,894261063900000.0,150631,2236062,0.37200000000000005
2020-02-18,RELIANCE,EQ,1478.25,1475.9,1475.9,1457.4,1466.9,1467.4,1465.63,5086964,745560306065000.0,142911,2468083,0.4852
2020-02-19,RELIANCE,EQ,1467.4,1479.35,1506.45,1475.1,1504.5,1503.8,1497.34,6438918,964126921650000.0,249278,2453851,0.3811
2020-02-20,RELIANCE,EQ,1503.8,1497.0,1508.0,1483.8,1487.0,1485.95,1495.83,7722577,1155166967725000.0,176470,4689093,0.6072
2020-02-24,RELIANCE,EQ,1485.95,1469.75,1477.0,1439.55,1447.1,1444.95,1462.78,9769743,1429100452425000.0,237165,6097347,0.6241
2020-02-25,RELIANCE,EQ,1444.95,1451.4,1451.4,1410.0,1420.0,1416.4,1432.47,12684109,1816957225945000.0,281387,8329207,0.6567000000000001
2020-02-26,RELIANCE,EQ,1416.4,1410.0,1412.35,1387.35,1389.5,1392.0,1399.83,13423661,1879080883550000.0,268512,8145083,0.6068
2020-02-27,RELIANCE,EQ,1392.0,1388.0,1393.8,1369.0,1380.45,1386.25,1381.33,11454300,1582217575220000.0,240043,6101634,0.5327000000000001
2020-02-28,RELIANCE,EQ,1386.25,1354.9,1357.0,1325.0,1327.0,1328.65,1338.96,17973847,2406620101235000.0,373466,9944010,0.5532
2020-03-02,RELIANCE,EQ,1328.65,1355.1,1369.0,1301.1,1322.0,1316.15,1343.4,13486634,1811799064490000.2,274282,7208383,0.5345000000000001
2020-03-03,RELIANCE,EQ,1316.15,1329.7,1353.9,1322.0,1346.35,1342.85,1339.28,12525809,1677551880370000.0,275521,6009681,0.4798
2020-03-04,RELIANCE,EQ,1342.85,1352.0,1353.8,1307.9,1349.0,1339.7,1331.24,10105782,1345321301165000.0,297606,4158028,0.4115
2020-03-05,RELIANCE,EQ,1339.7,1352.2,1357.95,1306.0,1309.9,1311.15,1327.07,13948324,1851036725280000.0,319378,6943317,0.4978
2020-03-06,RELIANCE,EQ,1311.15,1270.0,1288.15,1241.1,1269.85,1271.0,1271.62,15422068,1961097459930000.0,389652,9634796,0.6247
2020-03-09,RELIANCE,EQ,1271.0,1240.05,1241.0,1095.0,1104.5,1114.15,1143.56,40317808,4610595314880000.0,846382,19195053,0.4761
2020-03-11,RELIANCE,EQ,1114.15,1108.0,1178.45,1108.0,1152.0,1153.55,1157.92,27237627,3153898752110000.0,490124,12424367,0.4561
2020-03-12,RELIANCE,EQ,1153.55,1085.0,1101.0,1048.7,1059.0,1063.0,1076.2,25588170,2753804902435000.0,646095,13287100,0.5193
2020-03-13,RELIANCE,EQ,1063.0,998.0,1140.0,942.4,1116.95,1105.3,1053.35,33509757,3529740443819999.5,706395,14587908,0.4353
2020-03-16,RELIANCE,EQ,1105.3,1060.55,1079.7,1005.0,1012.2,1015.7,1046.83,17594729,1841874588600000.0,441083,8819285,0.5012
2020-03-17,RELIANCE,EQ,1015.7,1047.25,1060.0,1003.2,1011.5,1008.0,1034.68,20777442,2149799455900000.0,463953,10596500,0.51
2020-03-18,RELIANCE,EQ,1008.0,1025.3,1035.9,961.0,976.45,968.5,992.19,20450497,2029077626375000.0,499736,8751121,0.4279
2020-03-19,RELIANCE,EQ,968.5,920.1,967.0,892.2,917.7,917.7,918.86,28072062,2579436027380000.0,636588,13023488,0.46390000000000003
2020-03-20,RELIANCE,EQ,917.7,939.5,1034.9,930.0,1028.0,1017.95,983.98,28967526,2850344436195000.0,589033,12676996,0.4376
2020-03-23,RELIANCE,EQ,1017.95,916.2,950.0,875.65,891.0,884.05,899.32,18593713,1672161510625000.0,569206,9759892,0.5249
2020-03-24,RELIANCE,EQ,884.05,930.0,970.0,895.8,946.0,943.4,934.85,20919322,1955650021384999.8,590891,8384530,0.4008
2020-03-25,RELIANCE,EQ,943.4,963.8,1151.55,963.25,1074.0,1082.25,1053.49,33433126,3522133845485000.0,799060,16920113,0.5061
2020-03-26,RELIANCE,EQ,1082.25,1095.8,1116.9,1042.35,1069.0,1066.2,1074.95,20912934,2248032415034999.8,592742,8024956,0.3837
2020-03-27,RELIANCE,EQ,1066.2,1095.0,1107.3,1046.2,1067.95,1065.6,1070.06,19044644,2037889593059999.8,502817,8854044,0.46490000000000004
2020-03-30,RELIANCE,EQ,1065.6,1040.6,1074.8,1020.0,1031.5,1030.45,1044.14,13820286,1443030400265000.0,386770,5108078,0.36960000000000004
2020-03-31,RELIANCE,EQ,1030.45,1073.95,1129.8,1048.0,1100.0,1113.75,1093.37,20249909,2214067656855000.0,506536,8062531,0.3982
2020-04-01,RELIANCE,EQ,1113.75,1122.25,1124.6,1045.2,1084.0,1080.45,1072.84,19017099,2040236541420000.0,414675,7771573,0.4087
2020-04-03,RELIANCE,EQ,1080.45,1134.45,1134.45,1056.3,1088.0,1077.45,1077.52,18912044,2037809522965000.2,519365,6471589,0.3422
2020-04-07,RELIANCE,EQ,1077.45,1102.1,1214.0,1100.0,1211.0,1206.1,1161.27,24859057,2886799230370000.0,556669,9176463,0.3691
2020-04-08,RELIANCE,EQ,1206.1,1180.0,1229.0,1160.0,1197.0,1192.15,1194.6,22803774,2724144306790000.0,538577,7545325,0.3309
2020-04-09,RELIANCE,EQ,1192.15,1214.0,1232.8,1193.0,1217.75,1219.95,1214.91,15101711,1834721424730000.0,368355,4543136,0.3008
2020-04-13,RELIANCE,EQ,1219.95,1203.95,1215.0,1180.0,1192.5,1189.15,1191.64,10822871,1289699348810000.0,263593,2785395,0.25739999999999996
2020-04-15,RELIANCE,EQ,1189.15,1197.05,1236.0,1143.0,1157.5,1149.85,1191.73,16147959,1924398163059999.8,404270,5315163,0.32920000000000005
2020-04-16,RELIANCE,EQ,1149.85,1149.85,1187.45,1145.0,1170.0,1168.05,1172.19,17123533,2007195551150000.0,387003,6815679,0.39799999999999996
2020-04-17,RELIANCE,EQ,1168.05,1216.0,1230.0,1192.65,1229.9,1224.0,1208.12,15209707,1837511620500000.0,322391,5515033,0.3626
2020-04-20,RELIANCE,EQ,1224.0,1226.0,1257.0,1202.0,1248.1,1243.8,1228.75,16472339,2024040416815000.2,365965,3828855,0.2324
2020-04-21,RELIANCE,EQ,1243.8,1210.0,1252.0,1164.0,1251.5,1237.35,1204.07,28057706,3378347800015000.0,573205,8180117,0.2915
2020-04-22,RELIANCE,EQ,1237.35,1320.0,1384.9,1300.0,1359.0,1363.6,1341.48,65230894,8750594271139999.0,1194059,15175508,0.23260000000000003
2020-04-23,RELIANCE,EQ,1363.6,1367.35,1385.85,1353.3,1370.15,1370.9,1369.1,29928331,4097491612055000.5,612506,9233839,0.3085
2020-04-24,RELIANCE,EQ,1370.9,1350.15,1494.95,1347.2,1425.8,1417.0,1431.67,61711388,8835029613564999.0,1154959,9965286,0.16149999999999998
2020-04-27,RELIANCE,EQ,1417.0,1434.0,1475.0,1423.0,1431.0,1429.75,1448.31,26736512,3872269950494999.5,594518,4031654,0.15080000000000002
2020-04-28,RELIANCE,EQ,1429.75,1450.0,1455.45,1392.15,1430.0,1428.15,1421.22,35866381,5097411134065000.0,746066,7100366,0.198
2020-04-29,RELIANCE,EQ,1428.15,1444.9,1453.65,1420.0,1427.0,1426.95,1436.42,17141540,2462240411635000.0,389293,4350009,0.25379999999999997
2020-04-30,RELIANCE,EQ,1426.95,1453.95,1494.95,1438.05,1464.0,1466.0,1467.88,32617901,4787925596005000.0,663204,9287707,0.2847
2020-05-04,RELIANCE,EQ,1466.0,1440.0,1465.0,1417.45,1435.0,1435.2,1442.94,24439240,3526436475075000.0,544309,8018280,0.3281
2020-05-05,RELIANCE,EQ,1435.2,1453.7,1479.0,1447.2,1462.65,1460.65,1464.23,20528706,3005869794935000.0,412545,4924874,0.2399
2020-05-06,RELIANCE,EQ,1460.65,1464.0,1484.95,1445.5,1461.5,1460.75,1468.54,18510304,2718319666305000.0,425042,4155906,0.2245
2020-05-07,RELIANCE,EQ,1460.75,1455.0,1513.65,1445.0,1512.0,1506.95,1484.86,22871529,3396106599695000.0,465254,5286803,0.23120000000000002
2020-05-08,RELIANCE,EQ,1506.95,1545.0,1579.9,1537.1,1559.45,1561.8,1560.62,38522385,6011862877050000.0,727915,12438706,0.3229
2020-05-11,RELIANCE,EQ,1561.8,1580.0,1615.0,1572.3,1575.0,1576.8,1592.89,30670404,4885456634785000.0,576001,11723342,0.3822
2020-05-12,RELIANCE,EQ,1576.8,1564.8,1568.35,1465.0,1486.45,1479.25,1511.39,46029119,6956801166314999.0,807575,18435434,0.40049999999999997
2020-05-13,RELIANCE,EQ,1479.25,1527.0,1527.0,1454.0,1492.5,1496.45,1481.1,30658051,4540763280400000.0,615366,6403617,0.2089
2020-05-14,RELIANCE,EQ,1496.45,1469.0,1496.7,1430.05,1437.0,1435.95,1457.61,22736714,3314119147035000.0,494402,7400518,0.32549999999999996
2020-05-15,RELIANCE,EQ,1435.95,1444.0,1466.7,1415.1,1453.2,1459.4,1439.85,28683432,4129982801010000.0,592403,7448167,0.2597
2020-05-18,RELIANCE,EQ,1459.4,1470.0,1482.0,1428.0,1442.55,1440.75,1452.86,28981620,4210627020025000.0,575336,5396937,0.1862
2020-05-19,RELIANCE,EQ,1440.75,1457.0,1461.7,1403.25,1409.1,1408.9,1436.68,19529216,2805721457520000.0,424987,4452799,0.228
2020-05-20,RELIANCE,EQ,1408.9,1410.0,1446.85,1393.0,1437.4,1433.7,1426.52,25530692,3641994058150000.0,446373,6638736,0.26
2020-05-21,RELIANCE,EQ,1433.7,1435.0,1461.45,1425.0,1440.0,1441.25,1443.94,18077196,2610245875325000.0,353235,5286704,0.2925
2020-05-22,RELIANCE,EQ,1441.25,1451.8,1458.0,1426.5,1433.0,1431.55,1442.31,17458503,2518059322525000.0,388907,4083814,0.2339
2020-05-26,RELIANCE,EQ,1431.55,1448.15,1449.7,1416.3,1426.0,1424.05,1428.7,15330793,2190316611245000.0,341795,7437964,0.4852
2020-05-27,RELIANCE,EQ,1424.05,1431.0,1454.0,1412.0,1449.85,1445.55,1430.2,16460764,2354223051425000.0,348477,6524302,0.39640000000000003
2020-05-28,RELIANCE,EQ,1445.55,1455.0,1479.75,1449.0,1471.05,1472.25,1467.5,18519252,2717698063640000.0,405603,8377100,0.4523
2020-05-29,RELIANCE,EQ,1472.25,1468.0,1472.0,1452.65,1470.0,1464.4,1462.79,18471770,2702028585140000.0,300018,10292573,0.5572
2020-06-01,RELIANCE,EQ,1464.4,1480.0,1538.35,1475.95,1521.9,1520.35,1512.99,18434065,2789047562010000.0,354436,5711151,0.3098
2020-06-02,RELIANCE,EQ,1520.35,1526.0,1540.0,1520.8,1537.95,1535.7,1531.68,10224102,1566004488385000.0,224472,3522633,0.34450000000000003
2020-06-03,RELIANCE,EQ,1535.7,1545.0,1560.0,1533.35,1543.0,1541.65,1543.74,11713666,1808282455640000.2,227825,5197313,0.4437
2020-06-04,RELIANCE,EQ,1541.65,1544.0,1589.5,1541.0,1576.0,1579.8,1570.24,15784612,2478556088055000.0,356122,4083577,0.25870000000000004
2020-06-05,RELIANCE,EQ,1579.8,1595.0,1618.0,1573.7,1579.2,1581.7,1596.41,15270435,2437790539185000.0,339237,3362416,0.2202
2020-06-08,RELIANCE,EQ,1581.7,1618.4,1618.4,1565.0,1571.8,1569.5,1588.27,14498055,2302689748670000.0,322987,3584176,0.2472
2020-06-09,RELIANCE,EQ,1569.5,1560.3,1583.0,1533.0,1535.9,1537.15,1555.91,11934073,1856833540730000.0,307011,2953746,0.2475
2020-06-10,RELIANCE,EQ,1537.15,1543.1,1579.55,1540.05,1575.0,1572.15,1556.73,10214426,1590105805065000.0,262174,2815033,0.2756
2020-06-11,RELIANCE,EQ,1572.15,1566.0,1567.95,1531.0,1538.8,1537.7,1546.33,9408283,1454830292485000.0,269490,3034020,0.3225
2020-06-12,RELIANCE,EQ,1537.7,1500.0,1593.0,1497.0,1588.7,1588.8,1552.68,17790565,2762301809770000.0,337575,4514688,0.25379999999999997
2020-06-15,RELIANCE,EQ,1588.8,1565.0,1626.95,1561.1,1612.3,1614.55,1593.39,24509162,3905273719875000.0,467105,5136354,0.2096
2020-06-16,RELIANCE,EQ,1614.55,1643.0,1648.55,1585.3,1614.05,1617.7,1617.17,23623299,3820298264269999.5,424919,5774484,0.2444
2020-06-17,RELIANCE,EQ,1617.7,1608.25,1635.45,1602.1,1611.85,1615.35,1618.64,19282519,3121151893820000.0,299203,7420780,0.3848
2020-06-18,RELIANCE,EQ,1615.35,1607.0,1665.0,1605.6,1662.9,1655.9,1636.4,18677694,3056409828265000.0,327308,7786788,0.4169
2020-06-19,RELIANCE,EQ,1655.9,1670.0,1788.8,1662.0,1763.2,1759.4,1727.35,48828852,8434432144680000.0,752773,15752717,0.3226
2020-06-22,RELIANCE,EQ,1759.4,1773.4,1804.2,1735.0,1752.5,1746.15,1771.18,27781772,4920665188920000.0,613265,7287358,0.26230000000000003
2020-06-23,RELIANCE,EQ,1746.15,1750.0,1763.75,1716.1,1721.7,1720.9,1731.86,17521196,3034431052195000.0,400333,2789706,0.34869999999999995
2020-06-24,RELIANCE,EQ,1720.9,1735.9,1772.7,1711.7,1732.5,1727.85,1739.65,23808524,4141852347535000.0,488048,5829283,0.24480000000000002
2020-06-25,RELIANCE,EQ,1727.85,1727.0,1749.0,1713.05,1719.0,1717.9,1728.41,18312705,3165180389275000.0,318478,6775567,0.37
2020-06-26,RELIANCE,EQ,1717.9,1728.8,1752.0,1717.0,1750.0,1741.65,1731.91,14270695,2471550575070000.0,279769,5042368,0.3533
2020-06-29,RELIANCE,EQ,1741.65,1728.05,1739.75,1715.55,1722.7,1723.15,1724.38,11825126,2039105554105000.0,225499,4609009,0.3898
2020-06-30,RELIANCE,EQ,1723.15,1737.0,1741.0,1695.55,1707.5,1704.1,1718.1,13973038,2400709396615000.0,277133,5567451,0.39840000000000003
2020-07-01,RELIANCE,EQ,1704.1,1720.0,1749.0,1708.05,1736.25,1737.6,1730.01,13136706,2272657031095000.0,256982,3073568,0.23399999999999999
2020-07-02,RELIANCE,EQ,1737.6,1743.0,1767.6,1735.05,1759.5,1760.35,1755.2,13286760,2332086411230000.0,262833,3239259,0.2438
2020-07-03,RELIANCE,EQ,1760.35,1779.8,1793.0,1768.0,1788.0,1787.9,1781.69,13584004,2420250819965000.0,254096,3420711,0.2518
2020-07-06,RELIANCE,EQ,1787.9,1805.0,1858.0,1792.1,1855.0,1851.8,1832.66,21698149,3976530108135000.0,442095,5644923,0.2602
2020-07-07,RELIANCE,EQ,1851.8,1860.0,1864.35,1806.3,1822.15,1823.45,1831.78,16240102,2974822412905000.0,386666,4751023,0.2925
2020-07-08,RELIANCE,EQ,1823.45,1824.05,1834.95,1790.0,1795.4,1798.0,1812.33,12093523,2191748925865000.2,285951,4348610,0.35960000000000003
2020-07-09,RELIANCE,EQ,1798.0,1809.0,1835.0,1786.25,1826.75,1824.25,1813.36,16807403,3047787759950000.0,352813,4527046,0.2693
2020-07-10,RELIANCE,EQ,1824.25,1828.5,1884.6,1824.25,1880.2,1878.05,1859.58,20195490,3755518497169999.5,455198,4248376,0.2104
2020-07-13,RELIANCE,EQ,1878.05,1903.35,1947.7,1900.0,1938.7,1935.0,1927.07,32124397,6190584082260000.0,615947,6448206,0.20070000000000002
2020-07-14,RELIANCE,EQ,1935.0,1934.0,1941.7,1887.3,1915.0,1917.0,1917.96,31073591,5959778712870000.0,569875,8520789,0.2742
2020-07-15,RELIANCE,EQ,1917.0,1937.95,1978.8,1798.0,1842.35,1844.0,1917.63,64458598,1.2360795532325e+16,1285533,10789672,0.1674
2020-07-16,RELIANCE,EQ,1844.0,1847.0,1869.0,1812.45,1842.05,1843.4,1844.01,28133993,5187942116565000.0,543130,6562839,0.23329999999999998
2020-07-17,RELIANCE,EQ,1843.4,1845.0,1920.0,1838.0,1916.0,1911.7,1876.25,22949535,4305916108230000.5,487421,4591431,0.20010000000000003
2020-07-20,RELIANCE,EQ,1911.7,1917.8,1932.0,1899.65,1921.95,1919.9,1916.93,16887752,3237260446620000.0,339625,3836078,0.22719999999999999
2020-07-21,RELIANCE,EQ,1919.9,1939.0,1977.0,1936.5,1973.5,1971.55,1962.43,19463498,3819568933000000.0,375090,5672596,0.2914
2020-07-22,RELIANCE,EQ,1971.55,1983.0,2010.0,1960.7,2004.0,2004.0,1993.46,27584769,5498912061660000.0,547567,8711054,0.31579999999999997
2020-07-23,RELIANCE,EQ,2004.0,2003.95,2079.7,1991.35,2076.0,2057.8,2035.95,26921058,5481005838790000.0,498584,9589647,0.35619999999999996
2020-07-24,RELIANCE,EQ,2057.8,2058.0,2163.0,2057.8,2148.4,2146.15,2128.53,55656793,1.1846687631235e+16,1078097,12522509,0.225
2020-07-27,RELIANCE,EQ,2146.15,2178.8,2198.8,2127.9,2154.95,2156.2,2169.68,37060949,8041027631185001.0,781374,5262824,0.142
2020-07-28,RELIANCE,EQ,2156.2,2156.2,2194.0,2150.65,2177.0,2177.7,2175.67,25435618,5533958039380000.0,528044,5577191,0.2193
2020-07-29,RELIANCE,EQ,2177.7,2177.9,2182.8,2070.45,2092.0,2096.65,2124.29,33536361,7124111908950000.0,738739,9443206,0.2816
2020-07-30,RELIANCE,EQ,2096.65,2099.0,2139.7,2072.0,2101.9,2108.85,2111.03,33624516,7098238095639999.0,663693,6855972,0.2039
2020-07-31,RELIANCE,EQ,2108.85,2114.5,2129.0,2052.8,2070.0,2067.1,2077.02,34593375,7185118591955000.0,748942,9000404,0.2602
2020-08-03,RELIANCE,EQ,2067.1,2051.3,2057.0,2003.1,2007.65,2009.0,2029.05,21560137,4374666808100000.0,515571,6839066,0.3172
2020-08-04,RELIANCE,EQ,2009.0,2020.6,2167.0,2000.25,2158.4,2150.6,2098.08,42477225,8912049492539999.0,827312,7253795,0.17079999999999998
2020-08-05,RELIANCE,EQ,2150.6,2169.0,2196.0,2118.3,2132.1,2126.45,2153.72,34405886,7410054522195000.0,704272,3949479,0.11480000000000001
2020-08-06,RELIANCE,EQ,2126.45,2157.0,2167.7,2107.8,2136.55,2134.1,2139.59,22762726,4870281122225000.0,468092,3095157,0.136
2020-08-07,RELIANCE,EQ,2134.1,2129.8,2157.8,2120.2,2146.0,2146.45,2141.31,15222384,3259583372575000.0,329099,3705643,0.2434
2020-08-10,RELIANCE,EQ,2146.45,2159.1,2165.0,2108.1,2121.6,2119.85,2136.58,12441939,2658316111875000.0,300073,2893247,0.2325
2020-08-11,RELIANCE,EQ,2119.85,2134.8,2160.0,2100.35,2132.85,2133.8,2133.3,21611359,4610343113635000.0,491594,4174558,0.1932
2020-08-12,RELIANCE,EQ,2133.8,2121.0,2145.0,2106.8,2126.55,2127.6,2129.79,13967529,2974785819340000.0,308155,2213804,0.1585
2020-08-13,RELIANCE,EQ,2127.6,2128.0,2138.9,2110.0,2125.8,2122.05,2122.69,11459251,2432447396920000.0,266729,3601994,0.3143
2020-08-14,RELIANCE,EQ,2122.05,2122.55,2157.0,2089.25,2112.0,2113.8,2129.96,15333759,3266026815155000.0,346390,2362119,0.154
2020-08-17,RELIANCE,EQ,2113.8,2105.0,2105.0,2070.1,2094.05,2091.35,2085.65,14297224,2981905466820000.0,324590,2115024,0.1479
2020-08-18,RELIANCE,EQ,2091.35,2085.0,2134.3,2082.35,2120.2,2118.55,2118.58,14097932,2986753754870000.0,281219,2559498,0.1816
2020-08-19,RELIANCE,EQ,2118.55,2141.0,2154.0,2121.35,2137.0,2131.55,2137.37,15731409,3362380759855000.0,288995,2518453,0.16010000000000002
2020-08-20,RELIANCE,EQ,2131.55,2120.0,2123.9,2088.0,2098.6,2097.05,2109.01,10402292,2193850443584999.8,267102,2363592,0.22719999999999999
2020-08-21,RELIANCE,EQ,2097.05,2118.0,2122.0,2077.0,2084.75,2081.85,2096.99,11667281,2446620811950000.0,296981,2236600,0.1917
2020-08-24,RELIANCE,EQ,2081.85,2091.4,2104.5,2070.5,2099.95,2095.75,2090.25,15099030,3156070978610000.0,323471,2697292,0.1786
2020-08-25,RELIANCE,EQ,2095.75,2106.0,2111.3,2078.0,2082.0,2082.1,2089.41,8947709,1869543404115000.2,202929,2014450,0.22510000000000002
2020-08-26,RELIANCE,EQ,2082.1,2085.0,2147.95,2047.0,2133.7,2137.3,2102.41,27631028,5809174744685000.0,533755,6707265,0.2427
2020-08-27,RELIANCE,EQ,2137.3,2148.0,2150.0,2103.25,2108.1,2110.6,2126.98,12962139,2757018576010000.0,297474,3408902,0.263
2020-08-28,RELIANCE,EQ,2110.6,2120.0,2132.9,2106.25,2116.0,2116.15,2118.85,12537684,2656545293410000.0,267973,2828812,0.2256
2020-08-31,RELIANCE,EQ,2116.15,2174.0,2174.0,2060.35,2070.0,2080.7,2118.64,28649141,6069721668885000.0,541760,7212259,0.25170000000000003
2020-09-01,RELIANCE,EQ,2080.7,2100.0,2122.4,2062.4,2092.0,2087.25,2091.83,17821488,3727952146450000.0,327904,4956555,0.2781
2020-09-02,RELIANCE,EQ,2087.25,2092.0,2138.0,2085.0,2128.55,2128.2,2119.29,12437209,2635805679285000.0,281041,3376204,0.2715
2020-09-03,RELIANCE,EQ,2128.2,2128.0,2138.75,2103.0,2114.0,2112.1,2112.86,8577741,1812358603030000.0,219117,3249170,0.3788
2020-09-04,RELIANCE,EQ,2112.1,2083.55,2096.95,2072.2,2080.0,2077.25,2084.73,13141705,2739693657055000.0,365456,5968727,0.45420000000000005
2020-09-07,RELIANCE,EQ,2077.25,2084.0,2105.75,2044.25,2099.6,2082.65,2071.8,10119099,2096470749900000.0,255801,2619452,0.2589
2020-09-08,RELIANCE,EQ,2082.65,2092.0,2121.0,2080.5,2103.1,2107.1,2108.01,12643762,2665323981640000.0,287150,2734033,0.2162
2020-09-09,RELIANCE,EQ,2107.1,2085.0,2167.8,2081.45,2163.55,2161.35,2136.84,25526055,5454504444100000.0,531323,5716097,0.22390000000000002
2020-09-10,RELIANCE,EQ,2161.35,2183.1,2344.95,2175.35,2319.0,2314.0,2275.51,64751766,1.4734336314235e+16,1233053,12172158,0.188
2020-09-11,RELIANCE,EQ,2314.0,2312.0,2337.85,2287.1,2315.0,2319.75,2318.58,27445883,6363541247745000.0,599768,6427971,0.23420000000000002
2020-09-14,RELIANCE,EQ,2319.75,2325.0,2360.0,2282.0,2296.25,2302.55,2323.57,20335480,4725094126735000.0,450188,3578138,0.17600000000000002
2020-09-15,RELIANCE,EQ,2302.55,2311.95,2325.75,2288.15,2324.0,2318.85,2311.23,12543161,2899011097815000.0,270331,2498608,0.19920000000000002
2020-09-16,RELIANCE,EQ,2318.85,2320.0,2369.35,2310.55,2324.9,2324.55,2339.46,15669133,3665737088794999.5,321651,3528875,0.2252
2020-09-17,RELIANCE,EQ,2324.55,2320.0,2333.7,2291.85,2296.0,2298.75,2310.29,11919991,2753857698355000.0,286325,3285052,0.2756
2020-09-18,RELIANCE,EQ,2298.75,2314.25,2319.45,2276.55,2303.6,2305.7,2305.1,15264101,3518525264585000.0,219641,6340779,0.4154
2020-09-21,RELIANCE,EQ,2305.7,2300.0,2336.0,2247.35,2250.0,2255.85,2291.38,15519433,3556097745515000.0,342489,5046850,0.32520000000000004
2020-09-22,RELIANCE,EQ,2255.85,2277.0,2277.0,2201.55,2220.05,2211.15,2225.36,16056621,3573170847855000.5,348897,6138633,0.3823
2020-09-23,RELIANCE,EQ,2211.15,2260.0,2276.75,2205.3,2228.0,2230.8,2242.58,19839809,4449226534230000.5,384190,3749875,0.189
2020-09-24,RELIANCE,EQ,2230.8,2207.9,2226.0,2176.05,2195.0,2181.2,2200.65,13765321,3029260568825000.0,328090,4092237,0.2973
2020-09-25,RELIANCE,EQ,2181.2,2189.0,2212.8,2167.3,2198.85,2201.7,2191.17,13095950,2869547156135000.0,329859,2793738,0.2133
2020-09-28,RELIANCE,EQ,2201.7,2227.0,2238.0,2207.05,2218.0,2216.25,2221.39,9076787,2016306260355000.0,213955,1610375,0.17739999999999997
2020-09-29,RELIANCE,EQ,2216.25,2225.0,2264.0,2216.25,2241.9,2245.05,2242.3,11927459,2674496768050000.0,269649,2301443,0.193
2020-09-30,RELIANCE,EQ,2245.05,2260.0,2267.0,2225.0,2231.0,2234.35,2251.01,11291280,2541674070385000.0,232560,2777751,0.24600000000000002
2020-10-01,RELIANCE,EQ,2234.35,2263.8,2263.8,2214.0,2229.05,2225.25,2237.62,9591467,2146201462770000.0,237645,2356434,0.2457
2020-10-05,RELIANCE,EQ,2225.25,2244.0,2249.15,2206.0,2215.0,2212.2,2222.94,8732890,1941264975580000.0,237138,1671283,0.19140000000000001
2020-10-06,RELIANCE,EQ,2212.2,2225.25,2233.9,2201.65,2213.0,2210.35,2213.64,8497352,1881004090825000.0,230575,2565411,0.3019
2020-10-07,RELIANCE,EQ,2210.35,2235.0,2309.0,2220.0,2259.4,2257.5,2276.27,24538620,5585649576145000.0,542898,3167121,0.1291
2020-10-08,RELIANCE,EQ,2257.5,2259.0,2268.0,2222.1,2241.5,2239.25,2242.24,9727508,2181143728525000.0,251543,2761519,0.2839
2020-10-09,RELIANCE,EQ,2239.25,2235.0,2253.0,2217.1,2239.0,2233.45,2232.05,8558747,1910358264840000.2,215729,2908038,0.3398
2020-10-12,RELIANCE,EQ,2233.45,2235.0,2255.75,2226.25,2236.0,2237.05,2239.55,6565525,1470380436710000.0,146831,1868691,0.2846
2020-10-13,RELIANCE,EQ,2237.05,2230.6,2285.75,2225.85,2279.0,2280.7,2259.76,10666280,2410320910425000.0,255851,3449962,0.3234
2020-10-14,RELIANCE,EQ,2280.7,2278.9,2304.0,2268.5,2283.0,2287.5,2284.78,12341487,2819758949685000.0,281008,4373851,0.3544
2020-10-15,RELIANCE,EQ,2287.5,2290.0,2290.0,2195.0,2203.25,2206.5,2241.04,9246893,2072263924659999.8,265699,3100443,0.33530000000000004
2020-10-16,RELIANCE,EQ,2206.5,2215.0,2232.5,2172.65,2178.0,2175.8,2197.33,9961080,2188777600980000.0,287579,2106731,0.2115
2020-10-19,RELIANCE,EQ,2175.8,2190.05,2228.7,2155.15,2175.5,2176.2,2189.75,14399062,3153033226255000.0,363717,3772907,0.262
2020-10-20,RELIANCE,EQ,2176.2,2179.0,2193.0,2152.25,2155.85,2155.9,2166.54,8529621,1847974268770000.0,275082,2119328,0.24850000000000003
2020-10-21,RELIANCE,EQ,2155.9,2168.0,2192.0,2097.75,2122.65,2124.6,2143.87,15729989,3372312535195000.0,399065,3975978,0.2528
2020-10-22,RELIANCE,EQ,2124.6,2127.4,2132.5,2091.0,2111.9,2106.95,2107.04,14215255,2995211511475000.0,391498,5836281,0.4106
2020-10-23,RELIANCE,EQ,2106.95,2106.0,2135.0,2096.4,2112.0,2113.05,2118.9,10809383,2290405363390000.0,265187,3551502,0.3286
2020-10-26,RELIANCE,EQ,2113.05,2101.95,2101.95,2018.5,2034.9,2029.1,2052.69,17225340,3535832255555000.5,581238,6324776,0.36719999999999997
2020-10-27,RELIANCE,EQ,2029.1,2034.9,2059.85,2005.0,2034.4,2034.5,2026.38,16835011,3411408850560000.0,462764,5199796,0.3089
2020-10-28,RELIANCE,EQ,2034.5,2041.8,2057.7,2007.4,2008.9,2011.45,2026.02,13810054,2797944235480000.0,413849,4822048,0.3492
2020-10-29,RELIANCE,EQ,2011.45,1997.0,2042.0,1991.0,2029.05,2026.9,2019.57,14147681,2857218590590000.0,382087,3346100,0.2365
2020-10-30,RELIANCE,EQ,2026.9,2033.5,2065.1,2021.8,2064.35,2054.5,2040.66,15701123,3204060725230000.0,349177,3880807,0.2472
2020-11-02,RELIANCE,EQ,2054.5,2027.0,2027.0,1859.15,1876.0,1877.45,1927.55,45857806,8839332014720000.0,1428490,12596880,0.2747
2020-11-03,RELIANCE,EQ,1877.45,1890.0,1909.0,1835.1,1854.5,1850.4,1873.92,40931170,7670176153914999.0,990935,11064654,0.27030000000000004
2020-11-04,RELIANCE,EQ,1850.4,1837.0,1929.0,1837.0,1910.5,1913.2,1893.24,37003111,7005565561420000.0,888904,6665864,0.1801
2020-11-05,RELIANCE,EQ,1913.2,1954.95,1960.95,1932.0,1956.8,1955.0,1949.03,17170274,3346529706550000.0,448665,5252804,0.3059
2020-11-06,RELIANCE,EQ,1955.0,1990.0,2040.0,1978.15,2025.0,2029.15,2015.72,30770080,6202388010420000.0,649196,8468704,0.2752
2020-11-09,RELIANCE,EQ,2029.15,2062.1,2069.0,2036.0,2051.0,2050.7,2051.91,16539467,3393750297420000.0,384188,6258441,0.37840000000000007
2020-11-10,RELIANCE,EQ,2050.7,2077.0,2090.0,2041.2,2089.0,2084.55,2071.86,17045147,3531516045080000.5,399073,6458474,0.3789
2020-11-11,RELIANCE,EQ,2084.55,2089.0,2095.0,1978.1,1999.8,1997.2,2027.8,26178477,5308461084515000.0,647679,9063191,0.3462
2020-11-12,RELIANCE,EQ,1997.2,1981.0,2008.45,1965.0,1981.75,1980.0,1987.14,18481466,3672521856260000.0,440630,6746860,0.3651
2020-11-13,RELIANCE,EQ,1980.0,1982.0,2036.65,1981.75,2000.05,1996.4,2007.38,20946864,4204826883165000.0,507695,5280992,0.2521
2020-11-14,RELIANCE,EQ,1996.4,2014.9,2015.3,1995.35,2001.55,2002.3,2005.96,2411900,483816382764999.94,99484,621485,0.2577
2020-11-17,RELIANCE,EQ,2002.3,2085.0,2085.0,1985.0,1994.8,1993.25,2013.16,21479385,4324136401515000.0,462630,5819797,0.27090000000000003
2020-11-18,RELIANCE,EQ,1993.25,1993.25,2006.5,1960.1,1991.2,1987.2,1979.95,14030652,2778002012045000.0,410607,3601706,0.25670000000000004
2020-11-19,RELIANCE,EQ,1987.2,1987.2,2010.45,1968.2,1972.0,1973.15,1987.24,12828008,2549228143330000.0,307890,3570924,0.2784
2020-11-20,RELIANCE,EQ,1973.15,1975.0,1983.8,1895.0,1901.0,1899.5,1923.27,26522972,5101082167260000.0,794436,7772176,0.29300000000000004
2020-11-23,RELIANCE,EQ,1899.5,1951.0,1970.0,1926.25,1955.2,1950.7,1952.18,20918665,4083704221985000.0,497781,5148955,0.2461
2020-11-24,RELIANCE,EQ,1950.7,1964.0,1974.0,1932.0,1971.05,1964.05,1952.11,14277083,2787043559960000.0,362587,3213843,0.22510000000000002
2020-11-25,RELIANCE,EQ,1964.05,1980.0,1992.95,1942.2,1947.5,1947.8,1969.06,15062376,2965874401565000.0,356793,3040444,0.20190000000000002
2020-11-26,RELIANCE,EQ,1947.8,1953.05,1965.0,1930.05,1957.0,1952.6,1946.67,11924527,2321309474390000.0,266412,3406506,0.2857
2020-11-27,RELIANCE,EQ,1952.6,1940.5,1956.1,1921.4,1940.5,1929.8,1935.45,21845931,4228163755275000.0,314085,12489338,0.5717
2020-12-01,RELIANCE,EQ,1929.8,1940.35,1966.25,1930.05,1954.1,1954.9,1950.09,9114939,1777497723084999.8,272346,3073957,0.3372
2020-12-02,RELIANCE,EQ,1954.9,1958.5,1962.0,1935.0,1959.0,1958.15,1947.77,10240168,1994546965925000.0,236641,3885070,0.37939999999999996
2020-12-03,RELIANCE,EQ,1958.15,1972.0,1981.1,1958.65,1960.8,1964.05,1969.94,12822945,2526037420680000.0,270788,6151159,0.4797
2020-12-04,RELIANCE,EQ,1964.05,1969.0,1969.0,1940.0,1947.7,1946.75,1948.72,8521388,1660576375895000.0,286109,3771228,0.4426
2020-12-07,RELIANCE,EQ,1946.75,1940.6,1965.0,1940.6,1958.35,1958.2,1955.62,8418767,1646389363345000.0,267040,3706525,0.4403
2020-12-08,RELIANCE,EQ,1958.2,1961.15,2014.25,1950.0,1992.45,1993.75,1995.12,20030506,3996322713360000.0,460158,5692600,0.2842
2020-12-09,RELIANCE,EQ,1993.75,2009.95,2033.8,1999.25,2026.0,2026.95,2019.89,13464375,2719656152030000.0,303801,4861192,0.36100000000000004
2020-12-10,RELIANCE,EQ,2026.95,2021.6,2028.5,2001.0,2008.0,2007.0,2010.18,7414229,1490394969580000.0,212910,2670339,0.3602
2020-12-11,RELIANCE,EQ,2007.0,2013.0,2038.0,1974.25,1999.4,2005.8,2015.5,12434745,2506218725795000.0,265002,3553151,0.2857
2020-12-14,RELIANCE,EQ,2005.8,2007.95,2015.0,1986.35,1993.5,1991.3,1997.46,7989830,1595936179030000.0,248928,2832392,0.35450000000000004
2020-12-15,RELIANCE,EQ,1991.3,1989.7,1989.7,1961.1,1973.6,1974.35,1973.54,8561406,1689627350860000.0,240918,3108604,0.36310000000000003
2020-12-16,RELIANCE,EQ,1974.35,1988.0,1994.95,1965.7,1977.55,1976.55,1977.57,8565904,1693966087095000.0,233001,3281219,0.38310000000000005
2020-12-17,RELIANCE,EQ,1976.55,1984.5,2005.0,1977.15,1985.5,1985.6,1989.37,9346460,1859355323680000.0,280068,3368996,0.3605
2020-12-18,RELIANCE,EQ,1985.6,1980.1,2004.9,1965.0,1998.1,1991.55,1981.58,8522215,1688743356945000.0,226069,3412555,0.4004
2020-12-21,RELIANCE,EQ,1991.55,2010.0,2022.0,1855.25,1935.0,1939.7,1976.82,20368545,4026489944800000.0,514099,5751990,0.2824
2020-12-22,RELIANCE,EQ,1939.7,1949.0,1958.9,1888.45,1935.0,1936.7,1921.8,12986606,2495765477030000.0,374827,3386829,0.2608
2020-12-23,RELIANCE,EQ,1936.7,1930.0,1951.45,1920.65,1947.0,1943.85,1938.16,8999898,1744323140330000.0,282444,3128219,0.34759999999999996
2020-12-24,RELIANCE,EQ,1943.85,1947.0,1998.8,1945.9,1992.95,1994.15,1976.2,9588577,1894896289570000.0,250116,2141157,0.2233
2020-12-28,RELIANCE,EQ,1994.15,2006.7,2018.0,1995.3,2002.0,2003.3,2006.71,7947719,1594877162010000.0,214898,1821777,0.22920000000000001
2020-12-29,RELIANCE,EQ,2003.3,2009.0,2012.3,1982.55,1987.0,1990.05,1992.97,8589407,1711841632630000.0,242433,3009732,0.3504
2020-12-30,RELIANCE,EQ,1990.05,1995.25,2007.2,1975.55,1994.35,1995.5,1991.6,10173132,2026078699834999.8,234486,3159950,0.3106
2020-12-31,RELIANCE,EQ,1995.5,1993.5,2011.9,1978.6,1981.8,1985.3,1995.67,8667516,1729750492130000.0,226094,2538214,0.2928
2021-01-01,RELIANCE,EQ,1985.3,1988.0,1997.0,1982.0,1988.0,1987.5,1989.5,4622002,919548029200000.0,139680,1013314,0.21920000000000003
2021-01-04,RELIANCE,EQ,1987.5,1995.1,1998.9,1968.0,1990.25,1990.85,1982.61,11312992,2242922785670000.0,316871,3869604,0.342
2021-01-05,RELIANCE,EQ,1990.85,1969.0,1983.6,1956.0,1965.0,1966.1,1968.87,11132803,2191901906284999.8,300233,5208047,0.4678
2021-01-06,RELIANCE,EQ,1966.1,1965.9,1966.0,1905.15,1915.5,1914.25,1928.17,21414270,4129036815315000.0,659284,9038101,0.42210000000000003
2021-01-07,RELIANCE,EQ,1914.25,1920.5,1945.0,1905.15,1912.8,1911.15,1919.86,14918406,2864126332110000.0,454695,6452659,0.4325
2021-01-08,RELIANCE,EQ,1911.15,1918.0,1938.4,1912.1,1934.0,1933.7,1923.06,12709792,2444175175265000.0,270966,5303550,0.4173
2021-01-11,RELIANCE,EQ,1933.7,1938.8,1938.8,1892.5,1899.0,1897.25,1910.26,15371556,2936370901300000.0,479137,7697815,0.5008
2021-01-12,RELIANCE,EQ,1897.25,1903.0,1960.0,1899.9,1955.5,1957.05,1935.51,18996047,3676698857555000.5,417387,8987850,0.4731
2021-01-13,RELIANCE,EQ,1957.05,1963.55,1974.95,1918.45,1936.0,1938.8,1948.25,12284876,2393403444775000.0,304901,4368602,0.3556
2021-01-14,RELIANCE,EQ,1938.8,1945.0,1966.9,1939.05,1958.1,1960.6,1957.17,9946818,1946765141234999.8,287671,5225648,0.5254
2021-01-15,RELIANCE,EQ,1960.6,1960.6,1973.8,1920.05,1937.9,1937.45,1952.72,9503790,1855820498820000.0,264152,3947767,0.4154
2021-01-18,RELIANCE,EQ,1937.45,1949.1,1997.0,1923.35,1972.8,1983.95,1967.71,16198856,3187468656455000.0,399642,6014603,0.3713
2021-01-19,RELIANCE,EQ,1983.95,1994.65,2031.0,1994.65,2015.0,2016.4,2018.21,14771048,2981111271620000.0,411707,6055057,0.40990000000000004
2021-01-20,RELIANCE,EQ,2016.4,2021.4,2058.0,2001.4,2053.0,2054.7,2036.58,14271669,2906533731585000.0,456106,6676332,0.4678
2021-01-21,RELIANCE,EQ,2054.7,2082.0,2120.0,2075.0,2107.0,2099.4,2102.61,18038987,3792896193460000.0,483168,6386636,0.354
2021-01-22,RELIANCE,EQ,2099.4,2111.0,2115.35,2035.15,2047.95,2049.6,2070.96,14090818,2918158256545000.0,388593,3512524,0.2493
2021-01-25,RELIANCE,EQ,2049.6,2034.95,2034.95,1932.0,1935.15,1941.0,1966.36,25016570,4919160245610000.0,723194,9041658,0.3614
2021-01-27,RELIANCE,EQ,1941.0,1925.0,1925.0,1888.0,1890.0,1895.0,1904.59,19553809,3724198044840000.0,637355,9587173,0.4903
2021-01-28,RELIANCE,EQ,1895.0,1880.15,1923.3,1870.0,1876.35,1876.55,1895.32,15722291,2979880609370000.0,446576,4697008,0.2987
2021-01-29,RELIANCE,EQ,1876.55,1894.3,1913.1,1830.0,1844.95,1841.95,1871.72,20173258,3775861233150000.0,472678,9106845,0.4514
2021-02-01,RELIANCE,EQ,1841.95,1859.4,1905.0,1848.0,1898.15,1895.3,1874.03,15774504,2956182067120000.0,370120,7864911,0.4986
2021-02-02,RELIANCE,EQ,1895.3,1914.25,1940.0,1854.95,1936.0,1925.8,1889.81,19138414,3616805285090000.0,561567,7369471,0.3851
2021-02-03,RELIANCE,EQ,1925.8,1928.3,1952.0,1900.0,1928.5,1930.65,1931.87,13984228,2701567344265000.0,345625,4832689,0.3456
2021-02-04,RELIANCE,EQ,1930.65,1924.0,1940.0,1905.0,1921.5,1924.3,1923.71,11826848,2275138175425000.0,332784,5411559,0.4576
2021-02-05,RELIANCE,EQ,1924.3,1930.05,1944.65,1920.0,1924.3,1923.75,1929.36,9344470,1802888326750000.0,263144,3564531,0.3815
2021-02-08,RELIANCE,EQ,1923.75,1933.05,1969.0,1929.05,1951.4,1951.45,1954.84,9776136,1911081669480000.0,287247,3553415,0.36350000000000005
2021-02-09,RELIANCE,EQ,1951.45,1961.95,1989.6,1952.3,1954.5,1956.15,1974.29,9047308,1786199411930000.0,254384,3417112,0.37770000000000004
2021-02-10,RELIANCE,EQ,1956.15,1953.75,1984.75,1927.3,1980.35,1974.3,1955.63,9799560,1916429238625000.0,288994,3630351,0.3705
2021-02-11,RELIANCE,EQ,1974.3,1980.0,2064.2,1972.25,2061.8,2055.7,2028.11,19631870,3981559403025000.0,546129,5981796,0.30469999999999997
2021-02-12,RELIANCE,EQ,2055.7,2055.5,2078.0,2015.4,2040.0,2041.6,2049.91,14074374,2885116393235000.0,369938,2446469,0.17379999999999998
2021-02-15,RELIANCE,EQ,2041.6,2048.05,2061.3,2025.0,2034.0,2032.6,2043.13,7287590,1488950230825000.0,222500,1339156,0.1838
2021-02-16,RELIANCE,EQ,2032.6,2039.75,2079.4,2035.0,2058.5,2059.5,2061.23,9886093,2037753733650000.0,274329,2429172,0.2457
2021-02-17,RELIANCE,EQ,2059.5,2060.0,2095.95,2050.6,2079.2,2083.25,2076.99,10957388,2275842334625000.0,257784,2784713,0.2541
2021-02-18,RELIANCE,EQ,2083.25,2085.0,2108.4,2059.1,2063.5,2067.7,2085.18,8605531,1794404524105000.0,228157,2460456,0.2859
2021-02-19,RELIANCE,EQ,2067.7,2057.0,2104.95,2053.3,2080.0,2080.3,2088.14,10800704,2255335663100000.0,279181,3029362,0.2805
2021-02-22,RELIANCE,EQ,2080.3,2080.0,2089.9,1994.95,1999.1,2008.1,2036.88,10985697,2237659986225000.0,309112,4112030,0.3743
2021-02-23,RELIANCE,EQ,2008.1,2048.0,2052.9,2013.6,2026.15,2023.45,2034.5,11834752,2407779576925000.0,275466,4422097,0.3737
2021-02-24,RELIANCE,EQ,2023.45,2030.0,2065.25,2026.15,2060.55,2061.0,2048.89,4987735,1021933013275000.0,135224,1950596,0.3911
2021-02-25,RELIANCE,EQ,2061.0,2076.0,2152.0,2073.0,2147.0,2144.35,2120.59,16085897,3411157508770000.0,452535,5714928,0.3553
2021-02-26,RELIANCE,EQ,2144.35,2117.0,2133.9,2070.7,2079.5,2085.8,2096.69,17297575,3626760192910000.0,489066,7330239,0.4238
2021-03-01,RELIANCE,EQ,2085.8,2110.2,2112.0,2062.5,2103.0,2101.7,2092.87,8159670,1707710115320000.0,266082,2970300,0.364
2021-03-02,RELIANCE,EQ,2101.7,2122.0,2130.0,2089.1,2108.0,2106.0,2107.78,7915073,1668325035850000.0,244565,2910860,0.3678
2021-03-03,RELIANCE,EQ,2106.0,2121.05,2219.9,2107.2,2207.1,2202.1,2161.54,14733134,3184621337025000.0,326092,6380700,0.43310000000000004
2021-03-04,RELIANCE,EQ,2202.1,2180.0,2189.95,2157.7,2174.0,2175.85,2175.57,9892597,2152207032090000.2,259806,3808559,0.385
2021-03-05,RELIANCE,EQ,2175.85,2156.0,2211.95,2153.05,2174.55,2178.7,2184.35,11773630,2571768512945000.0,312784,3896896,0.331
2021-03-08,RELIANCE,EQ,2178.7,2168.5,2231.9,2168.0,2193.0,2191.1,2205.66,9002404,1985624455330000.0,300037,2389286,0.26539999999999997
2021-03-09,RELIANCE,EQ,2191.1,2200.0,2213.8,2146.6,2190.55,2191.05,2181.47,6993792,1525673621560000.0,227932,2047400,0.2927
2021-03-10,RELIANCE,EQ,2191.05,2207.0,2215.1,2170.25,2179.4,2181.95,2187.67,5316182,1163007490215000.0,163700,1461484,0.2749
2021-03-12,RELIANCE,EQ,2181.95,2195.0,2206.4,2123.9,2136.9,2137.6,2160.6,7783173,1681634589925000.0,244889,2820317,0.3624
2021-03-15,RELIANCE,EQ,2137.6,2140.05,2148.9,2080.5,2105.0,2108.9,2103.37,7706302,1620919017560000.0,268696,3083696,0.40020000000000006
2021-03-16,RELIANCE,EQ,2108.9,2114.0,2126.0,2095.5,2100.75,2100.6,2107.19,6402757,1349184140475000.0,235823,2426737,0.379
2021-03-17,RELIANCE,EQ,2100.6,2098.05,2103.0,2035.1,2054.5,2055.35,2065.89,8865521,1831523317130000.0,241456,4179353,0.47140000000000004
2021-03-18,RELIANCE,EQ,2055.35,2072.9,2084.8,2001.0,2010.0,2009.1,2038.79,9528809,1942723115025000.0,295771,4198315,0.44060000000000005
2021-03-19,RELIANCE,EQ,2009.1,1991.0,2095.85,1982.8,2078.1,2082.0,2047.5,19284892,3948584025400000.0,431829,9334589,0.484
2021-03-22,RELIANCE,EQ,2082.0,2071.0,2074.0,2033.2,2061.0,2062.4,2050.93,8571196,1757896066630000.0,234534,2866751,0.3345
2021-03-23,RELIANCE,EQ,2062.4,2061.95,2109.7,2056.0,2079.9,2087.5,2086.63,8039865,1677618863465000.0,220527,2152080,0.2677
2021-03-24,RELIANCE,EQ,2087.5,2079.75,2079.75,2040.4,2048.55,2047.3,2055.87,7763726,1596121134555000.0,222445,2970460,0.3826
2021-03-25,RELIANCE,EQ,2047.3,2054.0,2054.0,1985.0,1993.95,1991.45,2011.25,10153757,2042174379045000.0,292881,4074888,0.40130000000000005
2021-03-26,RELIANCE,EQ,1991.45,2012.0,2013.7,1973.7,1994.0,1994.65,1995.09,9313160,1858055923090000.2,296946,3226521,0.3464
2021-03-30,RELIANCE,EQ,1994.65,2008.0,2048.9,1991.55,2031.9,2029.3,2026.44,9433850,1911714942175000.0,230499,3802211,0.40299999999999997
2021-03-31,RELIANCE,EQ,2029.3,2018.0,2049.9,1999.0,2005.65,2003.1,2017.21,7499740,1512852774525000.0,193340,2904680,0.3873
2021-04-01,RELIANCE,EQ,2003.1,2018.0,2030.0,2003.15,2020.0,2021.85,2017.89,5410307,1091741193875000.0,140946,1895300,0.3503
2021-04-05,RELIANCE,EQ,2021.85,2024.95,2025.0,1962.1,1992.0,1992.6,1986.24,6864856,1363523747550000.0,246459,2208186,0.32170000000000004
2021-04-06,RELIANCE,EQ,1992.6,2004.0,2004.95,1969.0,1986.2,1984.3,1984.99,6465241,1283346959240000.0,209903,2136383,0.33039999999999997
2021-04-07,RELIANCE,EQ,1984.3,2000.0,2046.9,1993.3,2001.55,2002.85,2019.21,11198918,2261301434945000.0,286779,4098798,0.36600000000000005
2021-04-08,RELIANCE,EQ,2002.85,2011.0,2022.0,1993.0,2006.4,2005.35,2006.16,7092878,1422943168515000.0,191800,2633682,0.3713
2021-04-09,RELIANCE,EQ,2005.35,1998.45,2006.35,1980.0,1983.45,1982.05,1989.08,6478482,1288623494740000.0,234390,2807275,0.4333
2021-04-12,RELIANCE,EQ,1982.05,1959.0,1961.4,1900.25,1915.65,1911.15,1922.99,9646031,1854921283459999.8,330605,4432542,0.4595
2021-04-13,RELIANCE,EQ,1911.15,1924.0,1940.6,1917.85,1932.3,1931.8,1931.39,8958261,1730189036920000.0,206237,4960483,0.5537
2021-04-15,RELIANCE,EQ,1931.8,1926.3,1961.0,1913.0,1943.0,1944.3,1933.33,9102492,1759814886955000.0,189159,4483830,0.4926
2021-04-16,RELIANCE,EQ,1944.3,1936.6,1949.9,1926.45,1929.0,1932.1,1935.23,7225679,1398336435495000.0,206958,3583568,0.49590000000000006
2021-04-19,RELIANCE,EQ,1932.1,1904.0,1916.4,1890.0,1903.05,1901.7,1902.57,8527967,1622505956175000.0,271570,3886582,0.4557
2021-04-20,RELIANCE,EQ,1901.7,1910.5,1919.0,1890.45,1905.0,1901.15,1906.74,7939490,1513854171475000.0,202431,4616077,0.5814
2021-04-22,RELIANCE,EQ,1901.15,1892.25,1914.45,1876.7,1905.1,1906.4,1898.59,6687573,1269694826460000.0,209895,3155063,0.4718
2021-04-23,RELIANCE,EQ,1906.4,1906.0,1918.9,1895.35,1903.35,1904.35,1907.47,5459016,1041289396995000.1,171621,2589266,0.4743
2021-04-26,RELIANCE,EQ,1904.35,1920.0,1962.0,1911.5,1938.0,1937.85,1941.32,9620785,1867699462930000.0,259137,4276703,0.44450000000000006
2021-04-27,RELIANCE,EQ,1937.85,1940.0,1997.2,1938.25,1990.0,1988.65,1978.64,9226547,1825602129440000.2,291197,3772144,0.40880000000000005
2021-04-28,RELIANCE,EQ,1988.65,1997.85,2008.0,1980.15,1993.15,1997.3,1997.6,7902002,1578507608760000.0,247331,3921560,0.4963
2021-04-29,RELIANCE,EQ,1997.3,2022.9,2044.5,2007.3,2020.0,2024.05,2024.21,8035915,1626633942825000.0,213153,2834103,0.3527
2021-04-30,RELIANCE,EQ,2024.05,2008.5,2036.0,1987.55,1995.9,1994.5,2010.2,9150974,1839532117509999.8,288687,3902504,0.4265
2021-05-03,RELIANCE,EQ,1994.5,1966.0,1979.0,1943.1,1956.0,1959.05,1958.46,10909942,2136663946915000.2,343806,3800598,0.34840000000000004
2021-05-04,RELIANCE,EQ,1959.05,1950.0,1967.8,1911.0,1918.0,1916.6,1935.83,10083693,1952033040615000.2,325798,4435071,0.43979999999999997
2021-05-05,RELIANCE,EQ,1916.6,1923.35,1938.5,1908.05,1921.5,1920.1,1923.26,5719649,1100036396929999.9,190990,1762417,0.3081
2021-05-06,RELIANCE,EQ,1920.1,1921.85,1935.0,1906.6,1932.0,1931.0,1920.95,6749281,1296501970885000.0,221666,2830835,0.4194
2021-05-07,RELIANCE,EQ,1931.0,1937.75,1955.65,1926.0,1926.8,1931.75,1940.01,5671163,1100213052915000.0,188670,2418447,0.4264
2021-05-10,RELIANCE,EQ,1931.75,1939.0,1946.8,1920.95,1927.1,1926.2,1932.02,6433879,1243036110665000.0,197986,2996697,0.4658
2021-05-11,RELIANCE,EQ,1926.2,1915.0,1938.55,1910.0,1933.9,1933.15,1929.4,6220217,1200128865420000.0,175976,3035544,0.488
2021-05-12,RELIANCE,EQ,1933.15,1930.1,1932.9,1907.0,1913.05,1913.15,1915.34,6081627,1164838036200000.0,212378,2760797,0.454
2021-05-14,RELIANCE,EQ,1913.15,1928.05,1942.0,1906.0,1937.0,1937.3,1925.2,6134079,1180931172755000.0,227142,2202511,0.3591
2021-05-17,RELIANCE,EQ,1937.3,1937.3,1963.45,1930.4,1958.85,1960.35,1950.25,5479424,1068626780629999.9,164252,2006899,0.3663
2021-05-18,RELIANCE,EQ,1960.35,1981.0,2002.6,1972.5,1986.0,1987.95,1987.92,5567958,1106868225850000.0,184906,1952871,0.3507
2021-05-19,RELIANCE,EQ,1987.95,1980.0,2016.45,1972.0,1993.0,1997.05,1998.55,7530294,1504967772140000.0,198257,2310132,0.3068
2021-05-20,RELIANCE,EQ,1997.05,1997.9,2010.9,1981.0,1982.0,1985.4,1991.75,5271497,1049952748965000.0,158144,2175806,0.41270000000000007
2021-05-21,RELIANCE,EQ,1985.4,1992.0,2009.6,1986.0,1999.6,2002.55,1999.87,4977555,995444199229999.9,182141,1909912,0.3837
2021-05-24,RELIANCE,EQ,2002.55,2008.0,2009.8,1982.0,1985.05,1985.65,1994.09,3946636,786993669465000.0,130059,1599399,0.4053
2021-05-25,RELIANCE,EQ,1985.65,1996.4,1997.0,1960.0,1964.0,1963.15,1974.34,6821015,1346697607140000.0,208558,4040447,0.5924
2021-05-26,RELIANCE,EQ,1963.15,1975.0,1979.5,1965.3,1967.0,1970.05,1972.33,3452113,680870090860000.0,118469,1452399,0.4207
2021-05-27,RELIANCE,EQ,1970.05,1970.3,1993.0,1962.25,1990.0,1976.1,1977.57,12377100,2447658808035000.0,219255,7857043,0.6348
2021-05-28,RELIANCE,EQ,1976.1,1990.0,2105.0,1990.0,2094.45,2094.8,2067.42,26060864,5387879158965000.0,642384,7383808,0.2833
2021-05-31,RELIANCE,EQ,2094.8,2102.0,2191.7,2085.05,2153.5,2160.3,2154.29,27285782,5878142157865000.0,624166,7125331,0.2611
2021-06-01,RELIANCE,EQ,2160.3,2166.0,2202.0,2146.5,2164.3,2168.9,2176.52,12928379,2813889260900000.0,390299,3398513,0.2629
2021-06-02,RELIANCE,EQ,2168.9,2157.0,2209.5,2157.0,2207.0,2201.25,2178.64,11366816,2476418758475000.0,258490,5460571,0.4804
2021-06-03,RELIANCE,EQ,2201.25,2221.0,2250.0,2196.1,2208.0,2209.65,2221.49,11064116,2457887832280000.0,341728,3241763,0.29300000000000004
2021-06-04,RELIANCE,EQ,2209.65,2214.8,2216.45,2184.25,2186.9,2190.5,2197.67,6677278,1467447422595000.0,219435,2770956,0.41500000000000004
2021-06-07,RELIANCE,EQ,2190.5,2202.0,2242.0,2185.0,2225.05,2227.4,2214.78,7539326,1669795878150000.0,227808,2439654,0.3236
2021-06-08,RELIANCE,EQ,2227.4,2226.6,2227.15,2198.15,2211.5,2214.6,2213.34,4464889,988233230585000.0,147771,1548468,0.3468
2021-06-09,RELIANCE,EQ,2214.6,2219.0,2221.0,2157.95,2178.0,2175.0,2189.57,5265326,1152880333615000.0,167739,1817182,0.34509999999999996
2021-06-10,RELIANCE,EQ,2175.0,2193.4,2230.0,2177.55,2184.8,2183.0,2199.39,6532832,1436827285515000.0,215752,1927662,0.29510000000000003
2021-06-11,RELIANCE,EQ,2183.0,2182.9,2228.0,2180.1,2215.8,2213.15,2214.24,6351520,1406381759510000.0,226319,1955394,0.3079
2021-06-14,RELIANCE,EQ,2213.15,2215.0,2258.25,2195.05,2245.0,2244.9,2232.14,9383416,2094509779490000.2,284426,2698433,0.2876
2021-06-15,RELIANCE,EQ,2244.9,2261.0,2274.9,2240.3,2244.0,2250.0,2257.44,7002898,1580861110025000.0,215805,2501188,0.3572
2021-06-16,RELIANCE,EQ,2250.0,2244.9,2247.05,2205.85,2209.55,2211.6,2223.78,4982975,1108104710715000.0,163887,1901607,0.3816
2021-06-17,RELIANCE,EQ,2211.6,2200.0,2235.0,2179.9,2214.15,2215.65,2212.43,7266765,1607717656255000.0,225832,2716466,0.3738
2021-06-18,RELIANCE,EQ,2215.65,2225.5,2235.0,2184.35,2224.15,2225.65,2216.48,13553801,3004172515995000.0,221167,6806773,0.5022
2021-06-21,RELIANCE,EQ,2225.65,2203.5,2247.5,2200.15,2238.95,2237.25,2225.6,5624044,1251685229150000.0,180220,1583246,0.2815
2021-06-22,RELIANCE,EQ,2237.25,2254.0,2261.0,2219.35,2225.0,2225.75,2245.45,5940386,1333886084710000.0,180362,2507156,0.42210000000000003
2021-06-23,RELIANCE,EQ,2225.75,2250.0,2250.6,2201.7,2208.15,2205.35,2217.44,7685796,1704276222855000.0,214835,3994464,0.5197
2021-06-24,RELIANCE,EQ,2205.35,2206.85,2214.6,2140.0,2147.8,2153.5,2174.85,42209687,9179980463260000.0,755278,15742153,0.373
2021-06-25,RELIANCE,EQ,2153.5,2153.5,2153.5,2081.1,2104.5,2104.45,2106.02,25546334,5380107704015000.0,629847,9894247,0.3873
2021-06-28,RELIANCE,EQ,2104.45,2122.0,2126.5,2081.0,2089.0,2086.0,2100.31,9357852,1965437982809999.8,286857,4383331,0.46840000000000004
2021-06-29,RELIANCE,EQ,2086.0,2089.5,2109.0,2084.1,2090.0,2087.8,2091.92,12526981,2620545648280000.0,267376,6733274,0.5375
2021-06-30,RELIANCE,EQ,2087.8,2096.25,2122.65,2091.05,2112.0,2110.65,2107.86,9120556,1922488142509999.8,251722,4591548,0.5034000000000001
2021-07-01,RELIANCE,EQ,2110.65,2118.0,2123.15,2095.0,2101.5,2097.95,2109.37,5784627,1220190789330000.0,196897,2924644,0.5056
2021-07-02,RELIANCE,EQ,2097.95,2097.0,2132.9,2092.95,2131.55,2129.05,2120.31,6500973,1378407472620000.0,187794,3363482,0.5174000000000001
2021-07-05,RELIANCE,EQ,2129.05,2136.45,2153.55,2131.5,2150.0,2150.2,2145.57,5400604,1158734889660000.0,175055,3073627,0.5690999999999999
2021-07-06,RELIANCE,EQ,2150.2,2144.95,2148.9,2120.2,2127.85,2124.8,2136.74,4647361,993022431145000.1,125408,2476450,0.5329
2021-07-07,RELIANCE,EQ,2124.8,2127.75,2127.75,2098.0,2112.0,2110.05,2109.85,4824931,1017987555654999.9,227151,2480476,0.5141
2021-07-08,RELIANCE,EQ,2110.05,2116.95,2116.95,2081.0,2091.0,2092.6,2097.58,5162088,1082789714235000.0,223120,2689326,0.521
2021-07-09,RELIANCE,EQ,2092.6,2088.0,2091.7,2066.1,2071.95,2071.2,2074.82,4170886,865381844175000.0,169203,2009477,0.4818
2021-07-12,RELIANCE,EQ,2071.2,2079.75,2101.5,2074.5,2081.95,2084.1,2088.16,3962111,827350730550000.0,140597,1592814,0.402
2021-07-13,RELIANCE,EQ,2084.1,2100.0,2103.05,2088.05,2099.0,2099.7,2097.12,3099956,650098105055000.0,106030,1601381,0.5166
2021-07-14,RELIANCE,EQ,2099.7,2100.35,2106.85,2081.25,2083.55,2086.0,2090.03,3937768,823006462200000.0,169306,2134737,0.5421
2021-07-15,RELIANCE,EQ,2086.0,2095.0,2095.0,2078.5,2080.75,2082.35,2086.62,4360415,909855027454999.9,148981,2715754,0.6228
2021-07-16,RELIANCE,EQ,2082.35,2087.75,2114.75,2087.6,2110.0,2112.4,2104.6,4074206,857456919450000.0,126660,1881604,0.4618
2021-07-19,RELIANCE,EQ,2112.4,2100.0,2124.0,2092.25,2097.95,2098.95,2108.57,3855577,812976337795000.0,129037,1752416,0.4545
2021-07-20,RELIANCE,EQ,2098.95,2099.5,2108.0,2084.0,2089.95,2093.8,2097.18,3111185,652471878300000.0,105619,1089396,0.3502
2021-07-22,RELIANCE,EQ,2093.8,2119.0,2123.9,2098.15,2121.5,2120.7,2111.6,3679260,776911002990000.0,133510,1995464,0.5424
2021-07-23,RELIANCE,EQ,2120.7,2134.45,2134.45,2102.05,2104.0,2105.7,2119.06,4585938,971788550110000.0,143981,2219555,0.484
2021-07-26,RELIANCE,EQ,2105.7,2108.0,2121.0,2071.1,2073.9,2076.85,2092.34,5717830,1196362319615000.0,193266,2229836,0.39
2021-07-27,RELIANCE,EQ,2076.85,2076.8,2083.7,2042.0,2054.0,2055.0,2062.0,4995516,1030073694235000.0,196342,2415095,0.48350000000000004
2021-07-28,RELIANCE,EQ,2055.0,2058.0,2058.0,2016.25,2035.0,2037.35,2033.86,5952355,1210624143645000.0,222240,3270667,0.5495
2021-07-29,RELIANCE,EQ,2037.35,2054.0,2074.4,2043.4,2054.3,2053.25,2057.2,6352886,1306914042740000.0,203791,3910056,0.6154999999999999
2021-07-30,RELIANCE,EQ,2053.25,2058.0,2067.95,2031.1,2037.0,2035.3,2049.03,5238304,1073344460454999.9,158088,3003800,0.5734
2021-08-02,RELIANCE,EQ,2035.3,2054.3,2079.4,2041.15,2068.5,2072.5,2067.46,5041934,1042402079565000.0,164715,2991501,0.5933
2021-08-03,RELIANCE,EQ,2072.5,2090.0,2091.0,2064.2,2090.0,2087.75,2078.84,5453682,1133733562650000.0,137882,2965050,0.5437
2021-08-04,RELIANCE,EQ,2087.75,2094.4,2114.0,2087.0,2105.0,2103.75,2103.18,6077861,1278282170295000.0,188340,3542035,0.5828
2021-08-05,RELIANCE,EQ,2103.75,2114.3,2154.8,2104.25,2131.0,2134.25,2127.24,9807831,2086363848534999.8,249218,4572290,0.4662
2021-08-06,RELIANCE,EQ,2134.25,2129.95,2146.95,2078.75,2090.0,2089.05,2101.07,7670583,1611639992215000.0,225682,3217925,0.41950000000000004
2021-08-09,RELIANCE,EQ,2089.05,2081.0,2089.8,2066.5,2078.5,2077.15,2075.98,3458546,717987328645000.0,147892,1588798,0.4594
2021-08-10,RELIANCE,EQ,2077.15,2082.0,2113.0,2073.75,2085.0,2088.05,2095.18,5500708,1152496057540000.0,171235,2144258,0.3898
2021-08-11,RELIANCE,EQ,2088.05,2096.95,2120.0,2083.4,2115.0,2117.3,2103.58,4238859,891679468295000.1,138291,2089484,0.4929
2021-08-12,RELIANCE,EQ,2117.3,2124.9,2126.2,2105.0,2109.8,2110.5,2115.11,3755507,794332610005000.0,114345,1900505,0.5061
2021-08-13,RELIANCE,EQ,2110.5,2117.3,2149.9,2108.95,2143.0,2145.65,2132.45,5898384,1257802778410000.0,187810,3269124,0.5542
2021-08-16,RELIANCE,EQ,2145.65,2149.35,2203.0,2128.15,2169.0,2173.5,2177.41,10123204,2204234343170000.0,290119,4185061,0.41340000000000005
2021-08-17,RELIANCE,EQ,2173.5,2168.85,2185.2,2147.85,2163.0,2164.25,2167.16,5841743,1265998699425000.0,190350,3057597,0.5234000000000001
2021-08-18,RELIANCE,EQ,2164.25,2174.0,2186.8,2152.6,2168.0,2172.65,2170.19,4650008,1009141405270000.1,146613,2287876,0.49200000000000005
2021-08-20,RELIANCE,EQ,2172.65,2143.0,2172.0,2137.0,2140.1,2148.25,2155.63,4350228,937750260190000.0,147112,1877339,0.4315
2021-08-23,RELIANCE,EQ,2148.25,2174.0,2174.0,2132.3,2161.15,2162.35,2156.97,4547802,980945449065000.0,143268,2336976,0.5139
2021-08-24,RELIANCE,EQ,2162.35,2165.05,2192.0,2155.6,2178.0,2183.7,2174.28,5475452,1190516519690000.0,173479,3050200,0.5571
2021-08-25,RELIANCE,EQ,2183.7,2185.4,2220.0,2180.1,2201.0,2202.6,2204.22,6175126,1361136453360000.0,198304,2434419,0.39420000000000005
2021-08-26,RELIANCE,EQ,2202.6,2208.0,2244.9,2205.0,2232.0,2230.45,2230.28,8579105,1913381823365000.2,248660,4241826,0.4944
2021-08-27,RELIANCE,EQ,2230.45,2237.0,2242.75,2216.05,2225.0,2227.4,2228.28,4836812,1077776912785000.0,152317,2665237,0.551
2021-08-30,RELIANCE,EQ,2227.4,2250.0,2275.85,2236.8,2273.75,2270.25,2261.25,6473487,1463815200570000.0,206768,3861994,0.5966
2021-08-31,RELIANCE,EQ,2270.25,2276.9,2283.75,2242.25,2257.0,2258.15,2257.63,12223037,2759509354145000.0,206759,6602508,0.5402
2021-09-01,RELIANCE,EQ,2258.15,2273.0,2292.9,2263.0,2266.0,2267.1,2274.28,5143640,1169805616260000.0,173178,2684394,0.5219
2021-09-02,RELIANCE,EQ,2267.1,2255.0,2307.8,2255.0,2293.0,2294.4,2288.72,4595048,1051678128445000.1,206002,2278475,0.49590000000000006
2021-09-03,RELIANCE,EQ,2294.4,2310.0,2395.0,2302.5,2389.65,2388.5,2356.29,14151629,3334540371590000.0,446968,4903229,0.3465
2021-09-06,RELIANCE,EQ,2388.5,2413.0,2480.0,2412.0,2429.0,2425.6,2445.46,15525644,3796726594030000.5,496545,5627874,0.3625
2021-09-07,RELIANCE,EQ,2425.6,2430.0,2458.0,2412.0,2439.0,2440.9,2437.65,8006968,1951819208884999.8,256461,3224702,0.40270000000000006
2021-09-08,RELIANCE,EQ,2440.9,2452.0,2454.0,2406.65,2430.0,2431.35,2429.2,6600210,1603324825230000.0,213942,3515264,0.5326
2021-09-09,RELIANCE,EQ,2431.35,2427.9,2437.85,2416.1,2424.1,2425.6,2424.34,4136538,1002836965220000.1,194645,2406762,0.5818
2021-09-13,RELIANCE,EQ,2425.6,2433.0,2433.0,2368.05,2369.8,2371.55,2381.94,7527598,1793028691015000.2,327407,4414702,0.5865
2021-09-14,RELIANCE,EQ,2371.55,2375.0,2394.0,2366.0,2370.5,2368.45,2377.55,4111205,977458416779999.9,153291,2491875,0.6061
2021-09-15,RELIANCE,EQ,2368.45,2368.5,2395.75,2368.5,2379.4,2378.3,2380.39,4186300,996504538275000.0,168130,2310144,0.5518
2021-09-16,RELIANCE,EQ,2378.3,2381.55,2436.75,2367.0,2424.0,2428.2,2408.55,6206657,1494905056995000.0,214010,2473588,0.3985
2021-09-17,RELIANCE,EQ,2428.2,2446.0,2455.85,2375.6,2387.0,2390.55,2410.13,16098099,3879858012685000.0,278098,9460717,0.5877
2021-09-20,RELIANCE,EQ,2390.55,2372.1,2418.35,2370.0,2391.85,2394.35,2398.57,5436385,1303955348725000.0,171011,3042705,0.5597
2021-09-21,RELIANCE,EQ,2394.35,2405.0,2416.6,2384.0,2400.0,2404.7,2401.93,4576111,1099151085165000.0,149803,2365643,0.517
2021-09-22,RELIANCE,EQ,2404.7,2408.0,2442.0,2398.25,2430.8,2430.5,2426.47,5074612,1231340979410000.0,179090,2811116,0.554
2021-09-23,RELIANCE,EQ,2430.5,2447.4,2497.0,2445.5,2488.1,2489.9,2475.75,7267883,1799343214275000.0,255176,3910090,0.538
2021-09-24,RELIANCE,EQ,2489.9,2503.55,2505.45,2472.0,2479.0,2482.7,2488.36,7011181,1744632105545000.0,234214,4228344,0.6031000000000001
2021-09-27,RELIANCE,EQ,2482.7,2487.0,2529.9,2475.3,2527.0,2524.45,2510.93,7095022,1781511654495000.0,224209,4184695,0.5898
2021-09-28,RELIANCE,EQ,2524.45,2534.0,2564.9,2512.8,2545.0,2548.05,2539.99,8323269,2114101946234999.8,229286,4321030,0.5192
2021-09-29,RELIANCE,EQ,2548.05,2570.0,2570.0,2520.05,2530.0,2527.85,2536.91,4485721,1137986628120000.0,166259,2223603,0.49570000000000003
2021-09-30,RELIANCE,EQ,2527.85,2525.0,2534.6,2500.35,2511.0,2519.25,2517.46,6272085,1578970247485000.0,173121,3408378,0.5434
2021-10-01,RELIANCE,EQ,2519.25,2501.95,2539.8,2495.0,2525.0,2523.7,2521.05,4134544,1042338947620000.1,144149,2032482,0.4916
2021-10-04,RELIANCE,EQ,2523.7,2553.0,2574.85,2537.05,2558.0,2556.15,2556.97,5038910,1288434677635000.0,163519,2674027,0.5307000000000001
2021-10-05,RELIANCE,EQ,2556.15,2555.1,2612.0,2547.35,2610.25,2609.2,2582.03,6245770,1612676714045000.0,190163,3235964,0.5181
2021-10-06,RELIANCE,EQ,2609.2,2619.95,2619.95,2551.1,2554.0,2559.85,2585.47,4734472,1224083322470000.0,175209,2432010,0.5136999999999999
2021-10-07,RELIANCE,EQ,2559.85,2595.0,2598.75,2567.7,2572.0,2572.4,2583.27,2924370,755444082300000.0,122777,1479822,0.506
2021-10-08,RELIANCE,EQ,2572.4,2585.25,2684.4,2581.5,2669.2,2671.25,2642.81,7279003,1923704993020000.0,253640,2953704,0.4058
2021-10-11,RELIANCE,EQ,2671.25,2701.4,2720.0,2645.35,2655.0,2652.65,2682.21,6815737,1828120927300000.0,247361,3863950,0.5669
2021-10-12,RELIANCE,EQ,2652.65,2645.0,2683.0,2641.25,2668.0,2667.8,2661.5,3083747,820740261565000.0,145888,1584484,0.5138
2021-10-13,RELIANCE,EQ,2667.8,2679.0,2719.5,2669.3,2698.0,2694.95,2691.35,4596429,1237060784050000.0,205663,2360789,0.5136000000000001
2021-10-14,RELIANCE,EQ,2694.95,2700.35,2717.45,2687.2,2701.0,2700.4,2700.84,3979730,1074859741000000.0,144964,2254495,0.5665
2021-10-18,RELIANCE,EQ,2700.4,2668.6,2745.0,2662.3,2707.8,2707.6,2713.78,6273850,1702585550665000.0,274696,3527305,0.5622
2021-10-19,RELIANCE,EQ,2707.6,2723.8,2751.35,2708.0,2730.8,2731.85,2733.67,4076617,1114411942510000.0,203192,1855378,0.4551
2021-10-20,RELIANCE,EQ,2731.85,2742.75,2742.75,2691.5,2703.5,2700.4,2710.54,5865926,1589983728585000.0,186061,3785182,0.6453
2021-10-21,RELIANCE,EQ,2700.4,2727.4,2728.0,2603.2,2635.0,2622.5,2642.91,9613812,2540841638920000.0,356400,6238985,0.649
2021-10-22,RELIANCE,EQ,2622.5,2620.0,2664.9,2611.5,2625.75,2627.4,2635.21,5089178,1341106786300000.0,209472,2398678,0.47130000000000005
2021-10-25,RELIANCE,EQ,2627.4,2680.0,2680.0,2570.0,2607.0,2601.8,2611.17,7937067,2072500685930000.0,317548,2950789,0.3718
2021-10-26,RELIANCE,EQ,2601.8,2617.1,2668.9,2603.15,2666.3,2661.05,2635.7,4499706,1185985953685000.0,199021,2113316,0.4697
2021-10-27,RELIANCE,EQ,2661.05,2652.0,2676.8,2619.95,2622.3,2627.4,2652.28,4567140,1211333004905000.0,176020,2090011,0.4576
2021-10-28,RELIANCE,EQ,2627.4,2620.0,2637.95,2590.5,2598.0,2598.6,2610.69,4562471,1191118700875000.0,170822,2460989,0.5394
2021-10-29,RELIANCE,EQ,2598.6,2596.15,2596.15,2501.7,2540.0,2536.25,2548.04,6568539,1673689352225000.0,277855,3111491,0.4737
2021-11-01,RELIANCE,EQ,2536.25,2536.25,2556.0,2494.1,2538.1,2537.8,2523.59,7144532,1802988509790000.2,273829,4144630,0.5801
2021-11-02,RELIANCE,EQ,2537.8,2545.0,2548.0,2495.25,2503.05,2500.8,2510.1,4877652,1224338439560000.0,225933,2997092,0.6145
2021-11-03,RELIANCE,EQ,2500.8,2506.05,2520.0,2461.0,2483.0,2483.6,2487.7,5533120,1376473332045000.0,240878,3207104,0.5796
2021-11-04,RELIANCE,EQ,2483.6,2492.95,2504.9,2490.0,2503.0,2498.85,2497.33,787160,196580089245000.0,63285,402932,0.5119
2021-11-08,RELIANCE,EQ,2498.85,2519.4,2520.0,2456.4,2502.9,2501.95,2483.27,9385607,2330698138010000.0,456493,6743994,0.7184999999999999
2021-11-09,RELIANCE,EQ,2501.95,2505.0,2528.9,2487.05,2528.6,2521.7,2508.11,7237470,1815237505100000.0,205289,4623106,0.6388
2021-11-10,RELIANCE,EQ,2521.7,2516.7,2558.0,2503.65,2546.45,2549.9,2538.63,4731975,1201274220300000.0,168600,2429050,0.5133
2021-11-11,RELIANCE,EQ,2549.9,2540.05,2570.5,2535.55,2556.0,2554.55,2551.89,4948422,1262782873625000.0,216865,2846346,0.5752
2021-11-12,RELIANCE,EQ,2554.55,2562.9,2598.75,2557.0,2588.0,2593.1,2582.61,4020744,1038400984425000.0,149602,2336224,0.5810000000000001
2021-11-15,RELIANCE,EQ,2593.1,2600.0,2602.2,2570.0,2574.5,2577.8,2581.57,2216708,572259425670000.0,107475,1054022,0.4755
2021-11-16,RELIANCE,EQ,2577.8,2572.05,2575.0,2495.0,2497.25,2517.9,2536.01,5232292,1326912740610000.0,209557,2660951,0.5086
2021-11-17,RELIANCE,EQ,2517.9,2498.95,2498.95,2461.0,2462.8,2464.0,2479.92,4708235,1167604276470000.0,240722,2537105,0.5389
2021-11-18,RELIANCE,EQ,2464.0,2460.0,2489.0,2450.05,2473.0,2473.3,2467.65,3925345,968638683465000.0,218820,1573249,0.4008
2021-11-22,RELIANCE,EQ,2473.3,2436.1,2449.0,2351.0,2365.65,2363.75,2380.24,11133364,2650011285750000.0,469744,6257212,0.562
2021-11-23,RELIANCE,EQ,2363.75,2333.05,2401.25,2309.0,2389.95,2385.85,2362.47,11688406,2761350113560000.0,393864,7161105,0.6127
2021-11-24,RELIANCE,EQ,2385.85,2380.0,2409.9,2343.55,2343.55,2351.4,2376.12,7762564,1844476882380000.0,291051,4345352,0.5598
2021-11-25,RELIANCE,EQ,2351.4,2373.0,2502.0,2357.15,2501.0,2492.95,2452.67,19568487,4799499831055000.0,497536,9245255,0.47250000000000003
2021-11-26,RELIANCE,EQ,2492.95,2467.8,2477.6,2401.5,2405.1,2412.6,2433.36,7274686,1770189648634999.8,306992,2921250,0.40159999999999996
2021-11-29,RELIANCE,EQ,2412.6,2439.1,2500.0,2399.1,2437.7,2441.5,2464.2,11226147,2766349359800000.0,375905,4117378,0.3668
2021-11-30,RELIANCE,EQ,2441.5,2468.0,2475.9,2388.85,2401.2,2405.4,2424.91,14847511,3600382129730000.5,381257,8601779,0.5793
2021-12-01,RELIANCE,EQ,2405.4,2433.0,2474.0,2425.1,2467.75,2467.0,2449.6,4663276,1142314756165000.0,202787,1687324,0.3618
2021-12-02,RELIANCE,EQ,2467.0,2469.7,2496.2,2461.6,2481.95,2482.85,2482.51,5870468,1457351587205000.0,248052,3156679,0.5377000000000001
2021-12-03,RELIANCE,EQ,2482.85,2498.4,2498.5,2400.0,2413.15,2408.25,2436.1,8871172,2161104576940000.2,283259,4898098,0.5521
2021-12-06,RELIANCE,EQ,2408.25,2416.0,2425.0,2357.15,2365.95,2362.6,2388.06,4768334,1138707106470000.0,210176,1750877,0.36719999999999997
2021-12-07,RELIANCE,EQ,2362.6,2376.15,2404.0,2360.0,2382.0,2381.85,2387.87,5185007,1238110784930000.0,233720,2782548,0.5367000000000001
2021-12-08,RELIANCE,EQ,2381.85,2424.1,2431.8,2406.3,2420.95,2418.1,2418.81,4035437,976095363295000.1,175071,1712929,0.42450000000000004
2021-12-09,RELIANCE,EQ,2418.1,2435.0,2474.9,2425.0,2453.0,2456.45,2453.15,6098050,1495945728085000.0,248350,2655912,0.4355
2021-12-10,RELIANCE,EQ,2456.45,2440.25,2466.0,2430.35,2457.25,2458.95,2443.62,3860176,943281063275000.0,177038,1988951,0.5152
2021-12-13,RELIANCE,EQ,2458.95,2473.5,2474.1,2404.0,2411.45,2409.65,2425.3,5954148,1444061420820000.0,240510,3289988,0.5526
2021-12-14,RELIANCE,EQ,2409.65,2380.0,2406.0,2373.4,2382.5,2380.15,2386.78,5995586,1431013406060000.0,248926,3370468,0.5622
2021-12-15,RELIANCE,EQ,2380.15,2384.0,2405.0,2361.1,2369.9,2373.2,2379.84,4322855,1028770163850000.0,199178,1991411,0.4607
2021-12-16,RELIANCE,EQ,2373.2,2405.7,2415.5,2368.65,2413.95,2403.9,2392.29,4504829,1077685511715000.0,187830,2041248,0.45310000000000006
2021-12-17,RELIANCE,EQ,2403.9,2398.05,2408.0,2320.0,2343.4,2340.45,2346.72,9714489,2279715033350000.0,301459,5156114,0.5307999999999999
2021-12-20,RELIANCE,EQ,2340.45,2317.85,2317.85,2247.1,2276.8,2277.35,2277.67,6611376,1505851338560000.0,331211,3744186,0.5663
2021-12-21,RELIANCE,EQ,2277.35,2311.35,2346.0,2292.2,2313.0,2311.25,2317.69,5924071,1373017750420000.0,241858,2954613,0.4987
2021-12-22,RELIANCE,EQ,2311.25,2324.9,2371.9,2322.0,2365.0,2366.1,2346.81,8149415,1912512545870000.0,222615,5325994,0.6535
2021-12-23,RELIANCE,EQ,2366.1,2374.0,2380.0,2358.05,2365.0,2365.25,2367.28,4186912,991159801354999.9,173393,2364993,0.5649000000000001
2021-12-24,RELIANCE,EQ,2365.25,2370.0,2392.0,2337.55,2367.15,2372.8,2360.96,3639616,859298056785000.0,159321,1160672,0.3189
2021-12-27,RELIANCE,EQ,2372.8,2361.55,2378.0,2348.1,2371.0,2370.25,2366.87,1853948,438805404005000.0,89509,532328,0.2871
2021-12-28,RELIANCE,EQ,2370.25,2375.6,2404.85,2373.05,2404.0,2398.4,2389.02,2941883,702822628045000.0,121810,1230092,0.4181
2021-12-29,RELIANCE,EQ,2398.4,2391.0,2419.0,2382.1,2398.0,2402.5,2400.08,7118779,1708561078925000.0,169024,4190091,0.5886
2021-12-30,RELIANCE,EQ,2402.5,2400.0,2404.95,2345.6,2364.0,2359.1,2366.88,13537254,3204101524070000.0,226181,7709766,0.5695
2021-12-31,RELIANCE,EQ,2359.1,2373.0,2383.9,2360.0,2368.5,2368.15,2370.53,4373768,1036813613770000.1,138728,2109083,0.4822
2022-01-03,RELIANCE,EQ,2368.15,2365.0,2407.95,2363.55,2407.95,2403.85,2392.64,2502073,598656851010000.0,105190,1082865,0.4328
2022-01-04,RELIANCE,EQ,2403.85,2415.9,2461.0,2404.0,2460.0,2458.1,2437.26,5006225,1220149170165000.0,208647,2421857,0.48380000000000006
2022-01-05,RELIANCE,EQ,2458.1,2462.0,2477.0,2432.95,2461.85,2469.6,2455.69,5373618,1319593486250000.0,210976,2963957,0.5516
2022-01-06,RELIANCE,EQ,2469.6,2451.2,2454.0,2409.0,2419.15,2416.5,2423.21,6667483,1615673576235000.0,227953,3950375,0.5925
2022-01-07,RELIANCE,EQ,2416.5,2430.95,2458.05,2411.55,2439.9,2436.0,2436.73,6051239,1474521427780000.0,191088,3342839,0.5524
2022-01-10,RELIANCE,EQ,2436.0,2452.0,2457.0,2416.05,2440.2,2438.0,2432.54,4267365,1038052764100000.0,214098,2152906,0.5045000000000001
2022-01-11,RELIANCE,EQ,2438.0,2436.0,2474.95,2435.0,2455.8,2455.55,2459.51,7478681,1839391217584999.8,209712,4746648,0.6347
2022-01-12,RELIANCE,EQ,2455.55,2471.3,2524.95,2465.0,2518.0,2521.1,2505.89,6830402,1711622726560000.0,267056,3238315,0.47409999999999997
2022-01-13,RELIANCE,EQ,2521.1,2521.25,2541.0,2508.4,2536.25,2535.3,2525.55,5471871,1381946515700000.0,186278,3115794,0.5694
2022-01-14,RELIANCE,EQ,2535.3,2535.0,2567.3,2525.85,2537.0,2539.0,2545.66,9197773,2341436075105000.0,195865,5804124,0.631
2022-01-17,RELIANCE,EQ,2539.0,2538.0,2565.0,2537.0,2553.0,2552.25,2555.1,3708822,947642709104999.9,160043,2207498,0.5952000000000001
2022-01-18,RELIANCE,EQ,2552.25,2554.75,2562.35,2515.75,2523.0,2521.8,2540.02,2868235,728536491475000.0,158330,1312810,0.45770000000000005
2022-01-19,RELIANCE,EQ,2521.8,2530.0,2542.0,2509.0,2521.4,2521.6,2522.72,4502155,1135769626165000.0,153189,2589631,0.5752
2022-01-20,RELIANCE,EQ,2521.6,2500.05,2509.95,2455.0,2482.1,2477.45,2480.98,7612203,1888573385080000.0,251195,5220672,0.6858
2022-01-21,RELIANCE,EQ,2477.45,2452.0,2502.25,2452.0,2476.05,2477.85,2475.83,6155759,1524063143255000.0,236838,3203303,0.5204
2022-01-24,RELIANCE,EQ,2477.85,2475.0,2504.75,2355.1,2379.9,2377.9,2418.6,10092511,2440973584655000.0,399996,5366991,0.5521
2022-01-25,RELIANCE,EQ,2377.9,2349.55,2388.65,2305.0,2368.1,2373.25,2343.88,11311456,2651274378990000.0,482175,6446850,0.5699000000000001
2022-01-27,RELIANCE,EQ,2373.25,2336.0,2356.1,2311.05,2347.0,2338.1,2333.67,9239426,2156177976009999.8,315266,5271565,0.5706
2022-01-28,RELIANCE,EQ,2338.1,2365.0,2375.9,2328.4,2336.0,2335.85,2347.94,6769154,1589353641175000.0,255535,4021895,0.5942000000000001
2022-01-31,RELIANCE,EQ,2335.85,2360.2,2406.4,2356.2,2384.05,2386.6,2388.27,5604308,1338461277960000.0,268776,2989691,0.5335
2022-02-01,RELIANCE,EQ,2386.6,2408.0,2420.6,2347.1,2382.8,2378.7,2394.79,6092033,1458916962960000.0,227599,2933488,0.4815
2022-02-02,RELIANCE,EQ,2378.7,2407.0,2407.0,2375.1,2385.0,2383.55,2384.84,4623163,1102548420754999.9,153391,2821709,0.6103000000000001
2022-02-03,RELIANCE,EQ,2383.55,2392.0,2401.45,2347.2,2348.45,2352.75,2367.01,4417864,1045714300715000.0,236441,2596474,0.5877
2022-02-04,RELIANCE,EQ,2352.75,2341.0,2348.45,2321.1,2330.5,2331.3,2334.17,5104761,1191536572315000.0,230586,2346527,0.4597
2022-02-07,RELIANCE,EQ,2331.3,2342.0,2356.8,2305.0,2319.4,2317.1,2330.89,4944725,1152558739170000.0,243702,2190778,0.44310000000000005
2022-02-08,RELIANCE,EQ,2317.1,2330.65,2360.0,2310.0,2357.5,2356.05,2338.32,5566080,1301526081295000.0,186348,2963152,0.5324
2022-02-09,RELIANCE,EQ,2356.05,2371.15,2387.2,2358.0,2384.0,2383.5,2373.06,5300891,1257935509455000.0,180905,3104784,0.5857
2022-02-10,RELIANCE,EQ,2383.5,2395.7,2395.7,2365.1,2376.95,2381.05,2381.99,5752361,1370208654000000.0,210155,3608073,0.6272
2022-02-11,RELIANCE,EQ,2381.05,2373.25,2384.5,2344.1,2372.55,2376.4,2367.97,7357863,1742318671784999.8,283837,4905802,0.6667000000000001
2022-02-14,RELIANCE,EQ,2376.4,2340.25,2354.95,2313.0,2332.0,2338.55,2338.11,4947109,1156686766620000.0,219862,2751275,0.5561
2022-02-15,RELIANCE,EQ,2338.55,2351.2,2423.9,2335.7,2415.1,2417.95,2381.19,5174646,1232181414755000.0,261746,2563105,0.4953
2022-02-16,RELIANCE,EQ,2417.95,2430.0,2433.0,2395.95,2407.65,2412.95,2417.77,4796294,1159632556115000.0,190438,2607957,0.5437
2022-02-17,RELIANCE,EQ,2412.95,2420.1,2454.9,2410.0,2441.0,2443.5,2439.61,5931774,1447121258925000.0,211881,2872619,0.4843
2022-02-18,RELIANCE,EQ,2443.5,2444.4,2456.4,2420.15,2427.3,2424.4,2440.25,3126873,763036739975000.0,158691,1216161,0.3889
2022-02-21,RELIANCE,EQ,2424.4,2412.0,2437.5,2384.6,2399.6,2399.9,2409.12,5125968,1234907848455000.0,226214,2888548,0.5635
2022-02-22,RELIANCE,EQ,2399.9,2352.9,2395.9,2347.15,2389.75,2389.0,2372.16,6227901,1477358497100000.0,197401,3920789,0.6296
2022-02-23,RELIANCE,EQ,2389.0,2401.1,2406.55,2368.0,2371.25,2374.05,2391.23,3373615,806710225845000.0,195350,1928054,0.5715
2022-02-24,RELIANCE,EQ,2374.05,2305.0,2339.9,2243.4,2250.0,2255.75,2291.15,11466725,2627200823755000.0,493459,7266877,0.6337
2022-02-25,RELIANCE,EQ,2255.75,2280.1,2307.95,2276.25,2283.0,2283.95,2290.84,6724094,1540384418865000.0,281047,3670287,0.5458
2022-02-28,RELIANCE,EQ,2283.95,2243.0,2367.35,2243.0,2355.0,2359.55,2328.64,9828768,2288768356140000.0,240020,5321030,0.5414
2022-03-02,RELIANCE,EQ,2359.55,2334.45,2401.0,2329.2,2399.25,2398.55,2376.69,9909226,2355115761365000.0,309328,6277829,0.6335000000000001
2022-03-03,RELIANCE,EQ,2398.55,2400.0,2414.85,2370.05,2382.0,2378.3,2392.27,4701183,1124647634875000.0,230143,2479449,0.5274
2022-03-04,RELIANCE,EQ,2378.3,2353.0,2364.3,2320.35,2327.95,2325.55,2338.2,4986814,1166014935295000.0,219860,2754095,0.5523
2022-03-07,RELIANCE,EQ,2325.55,2278.7,2312.1,2222.0,2240.05,2239.55,2256.84,8299295,1873016816115000.2,372828,4962748,0.598
2022-03-08,RELIANCE,EQ,2239.55,2211.5,2246.0,2180.0,2235.05,2235.5,2220.15,9825043,2181302186470000.0,428117,5602260,0.5702
2022-03-09,RELIANCE,EQ,2235.5,2236.0,2367.0,2234.15,2358.3,2354.1,2316.35,9421163,2182270647790000.2,325395,4647153,0.4933
2022-03-10,RELIANCE,EQ,2354.1,2400.0,2405.0,2360.0,2387.0,2392.25,2386.79,8297995,1980559925270000.0,278083,4102149,0.4944
2022-03-11,RELIANCE,EQ,2392.25,2376.05,2411.0,2376.05,2393.15,2399.15,2396.11,5656799,1355429081870000.0,199494,3028604,0.5354
2022-03-14,RELIANCE,EQ,2399.15,2386.9,2424.4,2374.0,2422.2,2418.85,2401.52,3849222,924399885425000.0,160500,1800381,0.46770000000000006
2022-03-15,RELIANCE,EQ,2418.85,2427.95,2427.95,2340.85,2362.0,2363.45,2386.09,7349740,1753713661195000.0,257511,3924279,0.5339
2022-03-16,RELIANCE,EQ,2363.45,2382.0,2407.9,2377.1,2401.5,2403.35,2396.17,5145644,1232985427930000.0,185464,2824434,0.5489
2022-03-17,RELIANCE,EQ,2403.35,2432.75,2497.4,2415.1,2487.5,2481.7,2456.66,9886295,2428729655040000.0,274442,5961590,0.603
2022-03-21,RELIANCE,EQ,2481.7,2444.0,2484.0,2439.0,2463.0,2467.4,2465.17,5537752,1365150230515000.0,235063,3019258,0.5452
2022-03-22,RELIANCE,EQ,2467.4,2460.1,2534.95,2453.6,2528.0,2531.15,2508.41,10410082,2611275109155000.0,314410,5753732,0.5527000000000001
2022-03-23,RELIANCE,EQ,2531.15,2523.0,2564.85,2523.0,2535.0,2539.2,2546.52,7135797,1817147995625000.0,235853,4321837,0.6057
2022-03-24,RELIANCE,EQ,2539.2,2510.0,2584.15,2510.0,2572.0,2578.65,2557.8,6077153,1554411585020000.0,221309,3208900,0.528
2022-03-25,RELIANCE,EQ,2578.65,2582.5,2616.0,2577.0,2600.9,2595.85,2596.66,6563676,1704360617105000.0,276908,3821279,0.5822
2022-03-28,RELIANCE,EQ,2595.85,2610.0,2629.75,2586.5,2617.0,2621.95,2611.69,4564891,1192209305605000.0,183261,2149565,0.47090000000000004
2022-03-29,RELIANCE,EQ,2621.95,2638.0,2638.0,2607.4,2618.0,2622.55,2623.0,4007695,1051219845570000.1,203830,2280912,0.5690999999999999
2022-03-30,RELIANCE,EQ,2622.55,2639.9,2688.0,2617.1,2658.7,2672.95,2661.36,7297028,1942001902930000.0,219316,4259734,0.5838
2022-03-31,RELIANCE,EQ,2672.95,2664.95,2669.7,2628.6,2636.0,2634.75,2642.0,6102744,1612346562540000.0,249443,3893403,0.638
2022-04-01,RELIANCE,EQ,2634.75,2636.0,2665.15,2622.0,2661.0,2655.85,2641.48,3656408,965832502660000.0,163060,1845831,0.5048
2022-04-04,RELIANCE,EQ,2655.85,2655.45,2675.0,2641.65,2660.65,2663.7,2658.17,3659307,972705226029999.9,167593,1859891,0.5083
2022-04-05,RELIANCE,EQ,2663.7,2651.1,2669.9,2620.7,2626.0,2626.05,2636.9,6068663,1600246615210000.0,204933,3962890,0.653
2022-04-06,RELIANCE,EQ,2626.05,2587.1,2634.5,2587.1,2616.0,2619.05,2613.61,5656703,1478438749360000.0,163311,3640461,0.6436000000000001
2022-04-07,RELIANCE,EQ,2619.05,2595.1,2606.0,2567.0,2572.2,2572.85,2583.1,7151632,1847334862745000.0,233582,4936384,0.6901999999999999
2022-04-08,RELIANCE,EQ,2572.85,2560.0,2625.0,2560.0,2617.95,2615.65,2602.86,6992874,1820144497680000.0,213226,4458242,0.6375000000000001
2022-04-11,RELIANCE,EQ,2615.65,2600.0,2638.55,2583.0,2610.95,2610.2,2606.45,4270816,1113168728525000.0,195602,2103573,0.4925
2022-04-12,RELIANCE,EQ,2610.2,2587.0,2602.6,2555.4,2560.0,2561.05,2571.18,6099986,1568413981100000.0,277354,4019726,0.659
2022-04-13,RELIANCE,EQ,2561.05,2574.5,2592.6,2545.5,2551.9,2551.65,2565.29,4778478,1225815872300000.0,192467,3009160,0.6297
2022-04-18,RELIANCE,EQ,2551.65,2533.0,2559.8,2521.8,2540.2,2543.85,2538.38,4603103,1168444090545000.0,222881,3079230,0.6689
2022-04-19,RELIANCE,EQ,2543.85,2558.0,2668.0,2551.05,2626.0,2640.8,2628.35,12064446,3170955893780000.0,459863,6735937,0.5583
2022-04-20,RELIANCE,EQ,2640.8,2657.1,2734.0,2649.1,2717.5,2718.45,2710.69,11570835,3136492532930000.0,461685,5767347,0.49840000000000007
2022-04-21,RELIANCE,EQ,2718.45,2750.9,2789.0,2732.0,2782.0,2782.1,2773.48,10018531,2778622212430000.0,352010,5151153,0.5142
2022-04-22,RELIANCE,EQ,2782.1,2758.9,2802.0,2744.2,2762.0,2758.8,2768.55,6947490,1923448695300000.0,221036,3113096,0.44810000000000005
2022-04-25,RELIANCE,EQ,2758.8,2742.4,2758.4,2663.65,2696.0,2695.0,2711.2,7874671,2134980272425000.0,282246,4210856,0.5347
2022-04-26,RELIANCE,EQ,2695.0,2710.0,2795.0,2707.7,2788.2,2775.65,2744.48,5643066,1548728309685000.0,215190,2382379,0.4222
2022-04-27,RELIANCE,EQ,2775.65,2755.85,2828.0,2755.05,2776.0,2778.35,2794.98,8924920,2494493771260000.0,380463,4014016,0.4498
2022-04-28,RELIANCE,EQ,2778.35,2809.95,2851.0,2786.1,2810.0,2819.85,2823.91,11820892,3338110617520000.0,361970,6937716,0.5869
2022-04-29,RELIANCE,EQ,2819.85,2856.15,2856.15,2777.3,2799.7,2790.25,2817.63,8406156,2368543293345000.0,231044,4308908,0.5126
2022-05-02,RELIANCE,EQ,2790.25,2762.0,2805.5,2758.05,2780.9,2780.45,2783.29,4369022,1216026831990000.0,189251,1939501,0.4439
2022-05-04,RELIANCE,EQ,2780.45,2785.0,2790.0,2676.3,2692.0,2693.65,2728.03,8882792,2423248266245000.0,277638,4758487,0.5357000000000001
2022-05-05,RELIANCE,EQ,2693.65,2723.5,2730.0,2632.0,2643.0,2640.9,2677.81,7942721,2126909853905000.0,256514,4135949,0.5207
2022-05-06,RELIANCE,EQ,2640.9,2612.2,2659.0,2593.55,2628.0,2620.65,2619.88,9068448,2375828213290000.0,291431,4117945,0.45409999999999995
2022-05-09,RELIANCE,EQ,2620.65,2574.95,2597.1,2507.0,2508.0,2518.3,2540.75,8345649,2120421513734999.8,344258,3496083,0.4189
2022-05-10,RELIANCE,EQ,2518.3,2495.0,2526.6,2458.0,2461.7,2474.65,2495.14,9004636,2246784648075000.0,329083,4214002,0.46799999999999997
2022-05-11,RELIANCE,EQ,2474.65,2472.65,2484.95,2421.95,2450.75,2449.3,2454.29,7681157,1885176094905000.0,325039,3471644,0.452
2022-05-12,RELIANCE,EQ,2449.3,2427.5,2434.85,2370.0,2403.5,2399.4,2400.6,9456280,2270075236695000.0,359540,5344949,0.5652
2022-05-13,RELIANCE,EQ,2399.4,2426.0,2478.0,2415.35,2431.45,2426.6,2451.67,8910998,2184679984940000.2,408746,4652716,0.5221
2022-05-16,RELIANCE,EQ,2426.6,2434.45,2481.0,2416.65,2428.05,2427.2,2444.28,6201594,1515841271425000.0,244925,3089139,0.49810000000000004
2022-05-17,RELIANCE,EQ,2427.2,2435.1,2539.9,2432.0,2533.5,2529.15,2501.03,7638666,1910452681440000.2,278980,4085578,0.5349
2022-05-18,RELIANCE,EQ,2529.15,2539.65,2570.0,2508.25,2542.25,2538.35,2535.87,7973235,2021911428345000.0,293806,3948750,0.4953
2022-05-19,RELIANCE,EQ,2538.35,2484.0,2512.5,2466.05,2477.9,2479.85,2494.14,6783641,1691935830820000.0,266213,3713450,0.5474
2022-05-20,RELIANCE,EQ,2479.85,2512.5,2644.4,2502.0,2628.85,2624.45,2569.3,10057508,2584080177220000.0,366921,5198311,0.5169
2022-05-23,RELIANCE,EQ,2624.45,2631.5,2653.55,2593.0,2602.5,2606.9,2617.9,7039144,1842779486095000.0,256879,3078691,0.4374
2022-05-24,RELIANCE,EQ,2606.9,2607.0,2638.0,2597.7,2615.05,2615.85,2619.42,6243086,1635326808150000.0,238049,3094755,0.49570000000000003
2022-05-25,RELIANCE,EQ,2615.85,2635.0,2656.7,2601.5,2613.4,2612.0,2625.82,5867760,1540768036040000.0,224077,2740033,0.467
2022-05-26,RELIANCE,EQ,2612.0,2624.4,2634.9,2548.0,2589.0,2587.1,2587.3,8252551,2135185143970000.0,295460,3568836,0.4325
2022-05-27,RELIANCE,EQ,2587.1,2593.05,2605.15,2540.1,2575.3,2575.1,2574.11,7624888,1962729468795000.0,223459,3519149,0.4615
2022-05-30,RELIANCE,EQ,2575.1,2615.0,2674.0,2594.2,2668.0,2664.8,2640.57,6393341,1688208395005000.0,176733,2716871,0.425
2022-05-31,RELIANCE,EQ,2664.8,2641.4,2678.8,2615.7,2623.6,2632.65,2638.54,32591420,8599389887000000.0,309551,19734107,0.6055
2022-06-01,RELIANCE,EQ,2632.65,2634.3,2655.2,2616.2,2635.0,2633.5,2638.15,4512079,1190354297355000.0,165071,2072536,0.4593
2022-06-02,RELIANCE,EQ,2633.5,2634.0,2732.45,2634.0,2728.3,2724.3,2701.3,10211408,2758410388740000.0,297958,4788206,0.46890000000000004
2022-06-03,RELIANCE,EQ,2724.3,2744.0,2817.35,2742.0,2778.0,2779.5,2793.34,11048210,3086144955690000.0,353834,5136072,0.46490000000000004
2022-06-06,RELIANCE,EQ,2779.5,2780.0,2814.0,2751.8,2766.25,2767.55,2775.79,5119488,1421059984975000.0,217253,1680712,0.3283
2022-06-07,RELIANCE,EQ,2767.55,2769.9,2791.1,2752.05,2767.05,2772.75,2773.03,5703333,1581548554385000.0,232290,2712556,0.4756
2022-06-08,RELIANCE,EQ,2772.75,2772.75,2781.0,2716.3,2722.0,2724.05,2741.07,5759172,1578629415130000.0,241691,3012536,0.5231
2022-06-09,RELIANCE,EQ,2724.05,2710.0,2803.0,2710.0,2796.05,2798.75,2763.87,7973935,2203889033409999.8,281501,4301647,0.5395000000000001
2022-06-10,RELIANCE,EQ,2798.75,2771.9,2789.9,2701.5,2713.9,2714.25,2740.01,8349943,2287894383630000.0,278759,4608963,0.552
2022-06-13,RELIANCE,EQ,2714.25,2650.0,2672.8,2616.3,2668.0,2662.9,2646.3,8131998,2151966817950000.0,303540,4242241,0.5217
2022-06-14,RELIANCE,EQ,2662.9,2650.05,2671.85,2613.45,2627.75,2628.1,2637.47,6790653,1791014046965000.2,237522,3299932,0.48600000000000004
2022-06-15,RELIANCE,EQ,2628.1,2617.55,2637.3,2584.4,2595.8,2596.3,2613.39,5166738,1350270812515000.0,214934,1888736,0.36560000000000004
2022-06-16,RELIANCE,EQ,2596.3,2623.0,2659.05,2554.0,2555.1,2560.0,2603.56,7896943,2056017372370000.0,282387,3664860,0.46409999999999996
2022-06-17,RELIANCE,EQ,2560.0,2560.0,2624.85,2556.1,2605.05,2590.0,2592.42,11286988,2926063991430000.0,287827,5410573,0.4794
2022-06-20,RELIANCE,EQ,2590.0,2605.0,2617.1,2521.1,2542.9,2543.05,2552.96,5568825,1421698937165000.0,228914,2410448,0.4328
2022-06-21,RELIANCE,EQ,2543.05,2560.0,2593.4,2528.3,2582.0,2584.1,2562.46,5408801,1385982757620000.0,219641,1906058,0.35240000000000005
2022-06-22,RELIANCE,EQ,2584.1,2558.1,2558.3,2501.0,2502.0,2505.6,2524.18,4899839,1236807558125000.0,229961,2129069,0.43450000000000005
2022-06-23,RELIANCE,EQ,2505.6,2515.05,2525.0,2445.0,2469.0,2464.95,2485.55,8974475,2230649054905000.0,400081,2980195,0.4435
2022-06-24,RELIANCE,EQ,2464.95,2480.0,2511.0,2468.0,2497.55,2500.05,2491.97,6571866,1637690891220000.0,258066,3440303,0.5235000000000001
2022-06-27,RELIANCE,EQ,2500.05,2544.95,2544.95,2481.55,2495.6,2492.65,2511.81,7141493,1793810462825000.0,245447,4127406,0.5779
2022-06-28,RELIANCE,EQ,2492.65,2482.1,2533.95,2482.1,2530.0,2527.7,2515.75,6263867,1575833997700000.0,279432,2590698,0.4136
2022-06-29,RELIANCE,EQ,2527.7,2507.2,2597.0,2501.0,2576.0,2580.15,2559.16,8863172,2268229093535000.0,383990,3617967,0.4082
2022-06-30,RELIANCE,EQ,2580.15,2580.0,2615.9,2566.0,2589.0,2595.65,2596.11,10666627,2769179016990000.0,321110,5419202,0.5081
2022-07-01,RELIANCE,EQ,2595.65,2574.9,2592.0,2365.0,2406.0,2408.7,2434.35,37841671,9211999493180000.0,1165095,16124097,0.4261
2022-07-04,RELIANCE,EQ,2408.7,2378.95,2442.0,2366.1,2413.0,2413.7,2412.08,19317335,4659492982560000.0,525122,8925205,0.462
2022-07-05,RELIANCE,EQ,2413.7,2423.0,2464.9,2417.1,2431.55,2433.25,2440.39,8144239,1987515817959999.8,351338,3241427,0.39799999999999996
2022-07-06,RELIANCE,EQ,2433.25,2420.1,2441.95,2388.0,2415.0,2411.85,2410.61,11050026,2663724872435000.0,392094,5356881,0.48479999999999995
2022-07-07,RELIANCE,EQ,2411.85,2425.9,2433.25,2375.0,2391.0,2388.1,2392.12,10753423,2572346211535000.0,388023,6400200,0.5952000000000001
2022-07-08,RELIANCE,EQ,2388.1,2418.0,2418.0,2382.55,2391.0,2391.4,2393.99,8773162,2100287243425000.0,310810,5266144,0.6003000000000001
2022-07-11,RELIANCE,EQ,2391.4,2376.5,2428.8,2370.0,2421.5,2423.9,2400.92,6390604,1534332084020000.0,224208,2790542,0.43670000000000003
2022-07-12,RELIANCE,EQ,2423.9,2404.0,2439.7,2404.0,2418.8,2420.45,2424.68,4974502,1206156123420000.0,203393,2091493,0.4204
2022-07-13,RELIANCE,EQ,2420.45,2427.3,2434.0,2373.0,2379.0,2377.55,2398.49,6564435,1574471803345000.0,263635,3820557,0.5820000000000001
2022-07-14,RELIANCE,EQ,2377.55,2388.0,2433.95,2376.95,2399.0,2397.15,2398.08,7831798,1878124373365000.2,257217,3162562,0.40380000000000005
2022-07-15,RELIANCE,EQ,2397.15,2415.0,2415.0,2383.1,2401.15,2401.8,2397.18,4431880,1062399555620000.1,137878,2013822,0.45439999999999997
2022-07-18,RELIANCE,EQ,2401.8,2421.0,2425.0,2392.3,2423.0,2422.25,2408.23,6996757,1684980602765000.0,212210,3641338,0.5204
2022-07-19,RELIANCE,EQ,2422.25,2400.3,2447.0,2400.3,2433.0,2437.1,2429.46,7587006,1843231436620000.0,213280,3280412,0.4324
2022-07-20,RELIANCE,EQ,2437.1,2540.0,2542.5,2486.25,2499.0,2503.0,2506.66,11041036,2767612958285000.0,325796,5571093,0.5046
2022-07-21,RELIANCE,EQ,2503.0,2494.0,2500.0,2467.3,2486.0,2486.3,2482.92,7625468,1893342805009999.8,197537,4032523,0.5288
2022-07-22,RELIANCE,EQ,2486.3,2500.0,2516.3,2495.0,2502.95,2503.1,2504.62,5062651,1267999486630000.0,172852,2374481,0.469
2022-07-25,RELIANCE,EQ,2503.1,2467.45,2467.45,2403.0,2417.4,2420.4,2422.67,10665470,2583887073665000.0,450900,5024203,0.4711
2022-07-26,RELIANCE,EQ,2420.4,2421.1,2443.9,2411.35,2419.4,2421.5,2430.94,5216466,1268092721410000.0,188181,2368186,0.454
2022-07-27,RELIANCE,EQ,2421.5,2419.95,2427.0,2402.0,2422.0,2419.2,2416.05,3994321,965045937479999.9,165700,2097378,0.5251
2022-07-28,RELIANCE,EQ,2419.2,2436.0,2467.95,2421.0,2453.6,2457.1,2446.73,5766936,1411014677635000.0,207490,2973888,0.5157
2022-07-29,RELIANCE,EQ,2457.1,2474.7,2517.1,2464.0,2507.2,2509.45,2494.3,6982808,1741722245545000.0,270354,3783646,0.5418999999999999
2022-08-01,RELIANCE,EQ,2509.45,2519.15,2587.75,2507.6,2569.0,2574.85,2560.47,7245568,1855203770909999.8,262991,3695549,0.51
2022-08-02,RELIANCE,EQ,2574.85,2572.5,2607.8,2561.55,2575.5,2584.65,2583.64,6423115,1659499413395000.0,230608,3420282,0.5325
2022-08-03,RELIANCE,EQ,2584.65,2600.0,2610.0,2567.45,2606.2,2606.35,2591.04,6576824,1704082941565000.0,250247,3725408,0.5664
2022-08-04,RELIANCE,EQ,2606.35,2610.0,2617.75,2535.0,2570.0,2571.9,2569.27,6676577,1715390776265000.0,309213,3215051,0.4815
2022-08-05,RELIANCE,EQ,2571.9,2576.0,2578.8,2526.95,2532.9,2534.0,2543.41,6434433,1636540736590000.0,249464,4106312,0.6382
2022-08-08,RELIANCE,EQ,2534.0,2531.0,2583.55,2531.0,2568.0,2567.15,2567.43,4691228,1204441789715000.0,172002,2615697,0.5576
2022-08-10,RELIANCE,EQ,2567.15,2576.9,2589.9,2557.05,2578.95,2582.5,2574.23,4949442,1274100592130000.0,183157,2941793,0.5944
2022-08-11,RELIANCE,EQ,2582.5,2603.1,2609.9,2580.2,2586.7,2591.1,2593.04,3783480,981072222540000.0,171131,2296573,0.6070000000000001
2022-08-12,RELIANCE,EQ,2591.1,2590.3,2641.35,2582.2,2632.0,2633.0,2626.23,5838244,1533256332935000.0,256139,2683554,0.4597
2022-08-16,RELIANCE,EQ,2633.0,2646.2,2657.3,2627.3,2656.0,2651.3,2643.49,3049304,806079055315000.0,140058,1436439,0.4711
2022-08-17,RELIANCE,EQ,2651.3,2665.0,2676.9,2655.55,2661.7,2665.15,2666.17,3044037,811592255935000.0,121433,1476684,0.4851
2022-08-18,RELIANCE,EQ,2665.15,2660.0,2669.0,2640.2,2662.0,2661.3,2654.44,3419730,907745799804999.9,131393,1529502,0.4473
2022-08-19,RELIANCE,EQ,2661.3,2650.0,2661.7,2604.95,2609.8,2613.85,2631.57,4366123,1148974768460000.0,159356,2043043,0.4679
2022-08-22,RELIANCE,EQ,2613.85,2617.0,2631.3,2586.0,2602.5,2606.6,2606.47,4371179,1139334072350000.0,193858,2185175,0.4999
2022-08-23,RELIANCE,EQ,2606.6,2594.0,2653.2,2591.35,2649.0,2646.8,2630.64,4466619,1175004656020000.0,173321,2211602,0.4951
2022-08-24,RELIANCE,EQ,2646.8,2640.1,2670.0,2635.35,2645.0,2639.75,2648.95,4785579,1267675045645000.0,168584,2382456,0.4978
2022-08-25,RELIANCE,EQ,2639.75,2648.95,2662.9,2622.6,2628.0,2632.05,2648.65,3632902,962230085785000.0,133033,1783626,0.49100000000000005
2022-08-26,RELIANCE,EQ,2632.05,2633.0,2650.0,2607.0,2623.0,2618.0,2622.3,4957449,1299992910555000.0,191312,2885652,0.5821000000000001
2022-08-29,RELIANCE,EQ,2618.0,2585.0,2655.0,2578.05,2600.0,2597.65,2614.34,9155684,2393606809180000.0,326003,3737011,0.4082
2022-08-30,RELIANCE,EQ,2597.65,2614.0,2645.25,2576.6,2642.0,2637.95,2614.74,10678670,2792198135670000.0,285656,5624355,0.5267000000000001
2022-09-01,RELIANCE,EQ,2637.95,2582.65,2604.95,2550.7,2564.0,2560.4,2580.13,9188434,2370736282455000.0,346414,5658983,0.6159
2022-09-02,RELIANCE,EQ,2560.4,2560.4,2575.35,2525.7,2527.95,2530.5,2546.24,5999196,1527537854755000.0,266158,3185305,0.531
2022-09-05,RELIANCE,EQ,2530.5,2531.0,2581.5,2531.0,2567.15,2569.8,2563.92,5227785,1340362218340000.0,189614,2658456,0.5085000000000001
2022-09-06,RELIANCE,EQ,2569.8,2573.0,2606.0,2572.0,2594.0,2596.85,2592.68,5030172,1304164617355000.0,174426,2588620,0.5146000000000001
2022-09-07,RELIANCE,EQ,2596.85,2575.0,2594.9,2570.0,2580.5,2581.75,2580.95,3455942,891960247135000.0,117855,1724115,0.4989
2022-09-08,RELIANCE,EQ,2581.75,2588.25,2598.0,2571.0,2583.05,2585.4,2583.54,3256840,841418823900000.0,116529,1821103,0.5592
2022-09-09,RELIANCE,EQ,2585.4,2610.0,2610.0,2564.0,2568.9,2569.3,2577.69,3837302,989137984279999.9,185947,2149444,0.5601
2022-09-12,RELIANCE,EQ,2569.3,2570.55,2612.0,2570.55,2597.6,2598.05,2596.44,3431445,890952715750000.0,123802,1612795,0.47000000000000003
2022-09-13,RELIANCE,EQ,2598.05,2618.0,2629.7,2601.0,2619.0,2619.75,2617.12,4102114,1073572221379999.9,155135,2170824,0.5292
2022-09-14,RELIANCE,EQ,2619.75,2575.0,2610.0,2572.75,2589.15,2588.35,2595.02,4004997,1039306592910000.0,156954,2191578,0.5472
2022-09-15,RELIANCE,EQ,2588.35,2583.0,2603.55,2556.75,2563.0,2562.7,2573.85,4783723,1231260261590000.0,181399,2838610,0.5934
2022-09-16,RELIANCE,EQ,2562.7,2543.75,2553.0,2491.0,2498.0,2499.2,2509.51,9330469,2341489272380000.0,311718,5587220,0.5988
2022-09-19,RELIANCE,EQ,2499.2,2499.2,2522.7,2481.35,2502.4,2502.45,2506.17,3498286,876731464700000.0,137901,1678286,0.4797
2022-09-20,RELIANCE,EQ,2502.45,2522.45,2537.7,2494.7,2497.85,2502.85,2518.24,3881882,977549610920000.1,178557,1776953,0.45780000000000004
2022-09-21,RELIANCE,EQ,2502.85,2496.75,2533.0,2495.0,2507.7,2509.75,2515.3,4249172,1068792843735000.0,146056,2095628,0.4932
2022-09-22,RELIANCE,EQ,2509.75,2486.0,2503.0,2472.1,2487.95,2486.1,2488.77,4757219,1183961195830000.0,207678,2669635,0.5612
2022-09-23,RELIANCE,EQ,2486.1,2485.0,2495.95,2436.1,2438.8,2439.5,2455.68,4397194,1079812135615000.0,246646,2491690,0.5667
2022-09-26,RELIANCE,EQ,2439.5,2394.05,2417.8,2375.15,2378.15,2377.35,2392.03,5759298,1377640175370000.0,334638,3259263,0.5659000000000001
2022-09-27,RELIANCE,EQ,2377.35,2394.0,2426.0,2360.1,2394.0,2396.25,2390.7,7455448,1782373848800000.0,295538,3580279,0.5699000000000001
2022-09-28,RELIANCE,EQ,2396.25,2360.35,2378.0,2327.1,2330.5,2332.45,2353.58,7844140,1846179185630000.0,387724,4421083,0.5636
2022-09-29,RELIANCE,EQ,2332.45,2360.0,2367.5,2313.0,2328.0,2325.3,2334.53,6771046,1580723411585000.0,288225,4318113,0.6377
2022-09-30,RELIANCE,EQ,2325.3,2311.0,2402.0,2311.0,2376.15,2377.75,2371.6,8589908,2037181019400000.0,264760,5032369,0.5858
2022-10-03,RELIANCE,EQ,2377.75,2391.5,2416.95,2363.0,2367.05,2369.5,2382.06,5470030,1302992333480000.0,230794,2717072,0.49670000000000003
2022-10-04,RELIANCE,EQ,2369.5,2397.8,2418.0,2390.15,2412.9,2413.2,2406.73,4129893,993955646220000.1,152496,2069006,0.501
2022-10-06,RELIANCE,EQ,2413.2,2429.0,2450.0,2418.15,2422.5,2422.1,2433.7,6162021,1499648708150000.0,212103,4293494,0.6968000000000001
2022-10-07,RELIANCE,EQ,2422.1,2414.65,2443.9,2414.65,2431.95,2432.35,2431.89,3560167,865794013220000.1,119485,1945241,0.5464
2022-10-10,RELIANCE,EQ,2432.35,2405.0,2417.6,2388.0,2407.0,2405.8,2403.2,2921076,701992777465000.0,136725,1453561,0.4976
2022-10-11,RELIANCE,EQ,2405.8,2414.0,2414.0,2351.1,2353.55,2357.9,2377.84,4252803,1011249255510000.0,197213,2480007,0.5831000000000001
2022-10-12,RELIANCE,EQ,2357.9,2352.0,2381.7,2343.1,2377.0,2375.25,2368.06,3422992,810586129740000.0,158484,1914563,0.5593
2022-10-13,RELIANCE,EQ,2375.25,2371.4,2394.0,2360.1,2381.0,2382.8,2379.51,3382098,804773706920000.0,163282,1976668,0.5845
2022-10-14,RELIANCE,EQ,2382.8,2415.0,2416.35,2369.1,2371.75,2370.7,2392.6,4202459,1005482290425000.0,178804,2676992,0.637
2022-10-17,RELIANCE,EQ,2370.7,2355.0,2414.0,2343.6,2406.6,2408.75,2376.1,7720595,1834491489000000.0,185379,2473925,0.3204
2022-10-18,RELIANCE,EQ,2408.75,2422.0,2463.0,2420.15,2453.35,2451.25,2450.34,5729899,1404020149740000.0,193197,3210585,0.5603
2022-10-19,RELIANCE,EQ,2451.25,2454.5,2527.85,2441.7,2496.0,2493.9,2499.51,8882553,2220206357930000.0,260623,3768892,0.4243
2022-10-20,RELIANCE,EQ,2493.9,2485.0,2519.0,2485.0,2496.05,2500.6,2502.71,4022919,1006819755285000.0,152697,1994838,0.49590000000000006
2022-10-21,RELIANCE,EQ,2500.6,2507.7,2516.8,2467.0,2470.0,2471.6,2491.53,3804352,947864825795000.1,164406,1490633,0.4608
2022-10-24,RELIANCE,EQ,2471.6,2460.0,2502.5,2455.3,2480.8,2479.85,2481.8,1555270,385986681815000.0,68811,436975,0.281
2022-10-25,RELIANCE,EQ,2479.85,2499.0,2499.0,2438.0,2441.8,2441.55,2465.38,5645639,1391862942780000.0,199350,3473856,0.6153000000000001
2022-10-27,RELIANCE,EQ,2441.55,2458.0,2468.45,2432.8,2459.2,2451.15,2448.82,5774775,1414136585620000.0,197403,3320289,0.5750000000000001
2022-10-28,RELIANCE,EQ,2451.15,2465.0,2535.0,2459.45,2527.0,2526.15,2508.14,8126824,2038324730520000.0,313227,3204497,0.5479
2022-10-31,RELIANCE,EQ,2526.15,2541.0,2560.95,2532.2,2545.8,2549.6,2548.29,5731802,1460631132010000.0,207585,3167712,0.5527000000000001
2022-11-01,RELIANCE,EQ,2549.6,2600.0,2600.0,2508.0,2531.7,2529.85,2543.76,6443999,1639199497590000.0,243797,3434726,0.533
2022-11-02,RELIANCE,EQ,2529.85,2532.3,2550.2,2515.0,2542.55,2545.65,2535.59,4145144,1051037854240000.0,202520,2187290,0.5277000000000001
2022-11-03,RELIANCE,EQ,2545.65,2529.85,2559.55,2525.05,2552.0,2555.15,2546.83,3089026,786720942875000.0,122250,1536115,0.49729999999999996
2022-11-04,RELIANCE,EQ,2555.15,2553.9,2600.0,2551.1,2594.2,2592.75,2582.57,5803737,1498856889745000.0,172676,3807151,0.6559999999999999
2022-11-07,RELIANCE,EQ,2592.75,2591.0,2610.3,2574.0,2604.0,2606.6,2595.94,5440967,1412443075845000.0,195001,3275176,0.6019
2022-11-09,RELIANCE,EQ,2606.6,2610.3,2621.95,2590.05,2593.7,2604.0,2610.46,5193814,1355825121420000.0,166982,3330006,0.6411
2022-11-10,RELIANCE,EQ,2604.0,2590.0,2596.55,2563.0,2572.35,2572.5,2575.91,2753420,709256204010000.0,133955,1524085,0.5535
2022-11-11,RELIANCE,EQ,2572.5,2600.0,2636.0,2588.0,2630.0,2631.8,2614.6,5681124,1485388098955000.0,216539,3238628,0.5700999999999999
2022-11-14,RELIANCE,EQ,2631.8,2630.75,2642.0,2605.15,2614.65,2619.05,2624.26,4173395,1095206832150000.0,185791,2400549,0.5752
2022-11-15,RELIANCE,EQ,2619.05,2622.3,2626.4,2590.0,2607.2,2607.3,2603.39,3270388,851410048075000.0,157977,1852654,0.5665
2022-11-16,RELIANCE,EQ,2607.3,2610.0,2615.95,2581.35,2592.95,2592.35,2601.87,4484007,1166680729805000.0,145159,2523954,0.6596
2022-11-17,RELIANCE,EQ,2592.35,2584.95,2613.0,2580.0,2598.95,2599.05,2599.58,3074259,799179307785000.0,115328,1594081,0.5185000000000001
2022-11-18,RELIANCE,EQ,2599.05,2606.75,2609.0,2571.1,2597.05,2597.65,2589.31,2447425,633714984585000.0,104090,1215602,0.49670000000000003
2022-11-21,RELIANCE,EQ,2597.65,2588.0,2588.0,2543.1,2548.0,2550.9,2556.28,2949108,753874841735000.0,131742,1549394,0.5254
2022-11-22,RELIANCE,EQ,2550.9,2545.0,2568.5,2536.5,2564.9,2565.05,2556.94,3051201,780173658100000.0,138342,1643928,0.5388000000000001
2022-11-23,RELIANCE,EQ,2565.05,2575.0,2577.9,2552.25,2557.5,2557.05,2561.22,2959787,758066069890000.0,121346,1873450,0.633
2022-11-24,RELIANCE,EQ,2557.05,2566.0,2594.0,2548.2,2588.0,2579.1,2564.1,4333225,1111084257385000.0,154377,2723781,0.6286
2022-11-25,RELIANCE,EQ,2579.1,2589.0,2624.9,2582.1,2612.75,2617.6,2605.35,3391988,883733195329999.9,128621,1578251,0.46530000000000005
2022-11-28,RELIANCE,EQ,2617.6,2608.9,2721.05,2502.0,2706.0,2707.55,2686.06,14549929,3908195319185000.0,322273,6794072,0.4669
2022-11-29,RELIANCE,EQ,2707.55,2703.95,2731.65,2694.0,2708.35,2712.2,2713.16,5103687,1384713635665000.0,217704,2852331,0.5589000000000001
2022-11-30,RELIANCE,EQ,2712.2,2712.5,2745.45,2698.2,2733.05,2731.35,2727.09,12075137,3292998886700000.0,276976,7780847,0.6444
2022-12-01,RELIANCE,EQ,2731.35,2741.8,2755.0,2716.0,2725.25,2723.3,2738.93,4377696,1199020963560000.0,177158,2538726,0.5799000000000001
2022-12-02,RELIANCE,EQ,2723.3,2730.0,2748.0,2700.6,2727.0,2722.15,2725.02,5348595,1457501722775000.0,204222,2999370,0.5608
2022-12-05,RELIANCE,EQ,2722.15,2712.0,2716.75,2678.0,2682.0,2682.45,2694.53,6843367,1843966815805000.0,227194,4861671,0.7104
2022-12-06,RELIANCE,EQ,2682.45,2665.1,2697.0,2661.0,2689.45,2690.2,2685.66,3966243,1065199975279999.9,156158,2204998,0.5559000000000001
2022-12-07,RELIANCE,EQ,2690.2,2685.0,2695.0,2642.15,2647.0,2650.5,2665.31,3905263,1040873925140000.0,158784,2425575,0.6211
2022-12-08,RELIANCE,EQ,2650.5,2660.0,2665.0,2640.1,2649.0,2649.25,2651.78,3579858,949298848854999.9,144130,2190085,0.6118
2022-12-09,RELIANCE,EQ,2649.25,2646.0,2660.0,2601.85,2609.5,2609.1,2627.54,5840633,1534648852800000.0,172574,3927269,0.6724
2022-12-12,RELIANCE,EQ,2609.1,2585.5,2623.0,2585.0,2617.0,2613.1,2607.23,4374946,1140650890060000.0,151760,2439231,0.5575
2022-12-13,RELIANCE,EQ,2613.1,2613.1,2633.0,2606.7,2622.0,2625.0,2622.04,3845839,1008394025345000.1,136575,2171219,0.5646
2022-12-14,RELIANCE,EQ,2625.0,2637.65,2638.95,2611.0,2613.5,2615.5,2620.85,3354618,879193926160000.0,149123,2135521,0.6365999999999999
2022-12-15,RELIANCE,EQ,2615.5,2602.5,2615.0,2571.0,2580.0,2578.35,2590.74,4009765,1038826166465000.0,175220,2629878,0.6559
2022-12-16,RELIANCE,EQ,2578.35,2571.0,2618.8,2558.15,2567.9,2565.6,2583.46,7308934,1888236767609999.8,216883,3995069,0.5466
2022-12-19,RELIANCE,EQ,2565.6,2581.0,2604.0,2566.7,2603.0,2599.3,2582.95,3567363,921431951975000.0,174281,1881722,0.5275
2022-12-20,RELIANCE,EQ,2599.3,2583.9,2626.0,2566.0,2619.95,2621.8,2594.8,3446291,894242088685000.0,165894,1567590,0.4549
2022-12-21,RELIANCE,EQ,2621.8,2621.0,2633.0,2576.1,2583.2,2584.5,2601.19,3935463,1023688938075000.0,142775,1677915,0.4264
2022-12-22,RELIANCE,EQ,2584.5,2598.0,2604.65,2566.75,2577.0,2577.8,2582.55,3438692,888058106590000.0,149770,1490951,0.4336
