,Open,High,Low,Adj Close,Close,Volume,Turnover (Lacs),DPO,Low,Al_Close,Plat_Last,Settle,BSE_Close,DJI_Close,FCHIX_Close,FTSE_Close,GDAXI_Close,GSPC_Close,HSI_Close,KS11_Close,PSEIPS_Close,TWII_Close,NSEI_Close
2014-03-24,1877.65,1903.0,1873.25,1882.0,1886.3,329812.0,6223.9,-1140.7949999999978,1873.25,103.15,1430.7,2940.0,9.61,16276.69,1.5732,6520.4,9188.77,1857.44,21846.45,1945.55,6400.67,8605.35,6583.5
2014-03-25,1881.0,1912.0,1875.85,1911.0,1901.7,395158.0,7485.46,-1151.6599999999976,1875.85,102.95,1420.4,2949.0,9.63,16367.88,1.5732,6604.9,9338.4,1865.62,21732.32,1941.25,6336.34,8689.27,6589.75
2014-03-26,1911.0,1949.0,1911.0,1940.0,1937.1,634815.0,12303.31,-1166.0149999999976,1911.0,103.35,1406.0,2963.0,9.7,16268.99,1.5732,6605.3,9448.58,1852.56,21887.75,1964.31,6348.5,8737.24,6601.4
2014-03-27,1941.0,1968.4,1920.15,1931.5,1935.55,825829.0,16019.74,-1179.5899999999976,1920.15,101.9,1396.7,2955.0,9.73,16264.23,1.5732,6588.3,9451.21,1849.04,21834.45,1977.97,6315.69,8779.54,6641.75
2014-03-28,1935.9,1956.55,1920.1,1927.0,1931.4,326409.0,6319.05,-1200.9099999999976,1920.1,102.05,1404.7,2983.0,9.73,16323.06,1.5732,6615.6,9587.19,1857.62,22065.53,1981.0,6359.62,8774.61,6695.9
2014-03-31,1937.95,1980.0,1925.0,1967.05,1971.75,437613.0,8579.31,-1220.3874999999978,1925.0,104.55,1418.5,2955.0,9.72,16457.66,1.5732,6598.4,9555.91,1872.34,22151.06,1985.61,6428.71,8849.25,6704.2
2014-04-01,1976.0,1980.0,1922.1,1927.0,1930.85,288560.0,5612.29,-1258.9099999999976,1922.1,106.25,1428.0,2943.0,9.71,16532.61,1.5732,6652.6,9603.71,1885.52,22448.54,1991.98,6514.72,8873.12,6721.05
2014-04-02,1935.0,1948.7,1922.85,1935.85,1933.2,268932.0,5207.44,-1274.2999999999975,1922.85,106.35,1437.1,2917.0,9.63,16573.0,1.5732,6659.0,9623.36,1890.9,22523.94,1997.25,6587.72,8905.42,6752.55
2014-04-03,1940.0,1964.4,1927.0,1940.3,1939.7,307539.0,5973.49,-1302.9124999999974,1927.0,108.4,1443.8,2917.0,9.64,16572.55,1.5732,6649.1,9628.82,1888.77,22565.08,1993.7,6587.08,8888.51,6736.1
2014-04-07,1925.0,1936.0,1872.0,1906.0,1904.95,319401.0,6061.22,-1340.8124999999973,1872.0,108.0,1426.3,2959.0,9.7,16245.87,1.5805,6622.8,9510.85,1845.04,22377.15,1989.7,6614.4,8876.41,6695.05
2014-04-10,1933.0,1973.5,1916.1,1949.0,1959.95,486855.0,9517.78,-1347.8249999999966,1916.1,110.8,1458.4,2970.0,9.76,16170.22,1.5805,6642.0,9454.54,1833.08,23186.96,2008.61,6638.89,8948.07,6796.4
2014-04-11,1941.0,1948.7,1923.15,1936.25,1935.7,504763.0,9760.7,-1357.2424999999967,1923.15,112.8,1461.6,2987.0,9.79,16026.75,1.5805,6561.7,9315.29,1815.69,23003.64,1997.44,6596.96,8908.02,6776.3
2014-04-15,1924.3,1948.6,1904.0,1925.0,1927.2,228758.0,4395.11,-1401.2799999999966,1904.0,111.95,1444.1,2951.0,9.8,16262.56,1.5805,6541.6,9173.71,1842.98,22671.26,1992.27,6621.66,8916.68,6733.1
2014-04-16,1929.25,1964.8,1926.45,1935.3,1935.25,371554.0,7238.22,-1404.6324999999968,1926.45,110.2,1437.2,2956.0,9.86,16424.85,1.5805,6584.2,9317.82,1862.31,22696.01,1992.21,6671.18,8923.79,6675.3
2014-04-22,1998.95,2006.85,1967.0,1977.0,1975.6,323792.0,6421.48,-1451.4524999999965,1967.0,111.25,1399.6,2993.0,9.87,16514.37,1.5805,6681.8,9600.09,1879.55,22730.68,2004.22,6784.95,8974.68,6815.35
2014-04-23,1984.9,1994.0,1969.0,1985.0,1982.05,398691.0,7902.47,-1456.9299999999967,1969.0,113.3,1403.2,2997.0,9.94,16501.65,1.5805,6674.7,9544.19,1875.39,22509.64,2000.37,6769.52,8956.89,6840.8
2014-04-25,1990.0,1994.0,1917.0,1955.0,1956.2,1064921.0,20698.55,-1432.9249999999963,1917.0,112.55,1422.8,2945.0,9.98,16361.46,1.5805,6685.7,9401.55,1863.4,22223.53,1971.66,6685.1,8774.09,6782.75
2014-04-28,1950.0,1966.8,1936.95,1951.75,1950.45,258675.0,5050.83,-1435.3624999999963,1936.95,113.85,1418.2,2935.0,10.0,16448.74,1.5805,6700.2,9446.36,1869.43,22132.53,1969.26,6604.35,8809.68,6761.25
2014-04-30,1921.1,1940.8,1911.0,1927.0,1923.0,243902.0,4703.64,-1413.3049999999962,1911.0,109.8,1426.6,2974.0,9.99,16580.84,1.5805,6780.0,9603.23,1883.95,22133.97,1961.79,6707.91,8791.41,6696.4
2014-05-02,1895.0,1908.7,1880.05,1883.4,1883.4,324650.0,6142.86,-1406.1049999999964,1880.05,107.7,1439.7,2910.0,9.99,16512.89,1.5805,6822.4,9556.02,1881.14,22260.67,1959.44,6742.97,8867.29,6694.8
2014-05-07,1905.2,1907.2,1878.1,1887.85,1881.25,246112.0,4646.86,-1402.2824999999966,1878.1,107.0,1433.8,2892.0,10.05,16518.54,1.5805,6796.4,9521.3,1878.21,21746.26,1939.88,6748.51,8893.19,6652.55
2014-05-08,1888.0,1900.0,1876.2,1900.0,1896.6,180796.0,3421.79,-1398.2274999999966,1876.2,105.9,1437.1,2883.0,10.02,16550.97,1.5878,6839.3,9607.4,1875.63,21837.12,1950.6,6765.21,8930.87,6659.85
2014-05-12,1975.0,2064.85,1965.05,2052.95,2049.9,555623.0,11275.55,-1454.3074999999967,1965.05,105.35,1440.9,2858.0,9.99,16695.47,1.5878,6851.8,9702.46,1896.65,22261.61,1964.94,6811.34,8808.58,7014.25
2014-05-13,2080.0,2120.0,2042.55,2090.3,2090.35,528807.0,11059.65,-1462.1999999999966,2042.55,106.2,1454.7,2894.0,10.07,16715.44,1.5878,6873.1,9754.43,1897.45,22352.38,1982.93,6852.81,8817.91,7108.75
2014-05-14,2092.0,2120.0,2059.5,2082.0,2085.2,329237.0,6838.99,-1495.5624999999968,2059.5,105.65,1484.9,2891.0,10.12,16613.97,1.5878,6878.5,9754.39,1888.53,22582.77,2010.83,6880.44,8875.13,7108.75
2014-05-15,2082.0,2127.0,2078.0,2127.0,2117.85,441637.0,9306.63,-1504.669999999997,2078.0,107.05,1469.1,2907.0,10.13,16446.81,1.5878,6840.9,9656.05,1870.85,22730.86,2010.2,6849.33,8880.62,7123.15
2014-05-16,2200.0,2318.5,2140.1,2157.65,2152.15,808438.0,17983.13,-1491.0174999999972,2140.1,105.15,1465.3,2917.0,10.16,16491.31,1.5878,6855.8,9629.1,1877.86,22712.91,2013.44,6817.71,8888.42,7203.0
2014-05-19,2190.0,2250.0,2190.0,2211.95,2214.65,490566.0,10930.93,-1504.987499999997,2190.0,103.5,1469.4,2930.0,10.15,16511.86,1.5878,6844.6,9659.39,1885.08,22704.5,2015.14,6870.9,8899.87,7263.55
2014-05-20,2222.0,2236.8,2182.55,2190.9,2194.0,225127.0,4961.43,-1514.1699999999973,2182.55,103.45,1468.1,2968.0,10.13,16374.31,1.5878,6802.0,9639.08,1872.83,22834.68,2011.26,6882.73,8887.76,7275.5
2014-05-21,2201.0,2209.95,2166.0,2166.0,2169.2,186665.0,4072.44,-1523.214999999997,2166.0,103.5,1482.3,2981.0,10.16,16533.06,1.5878,6821.0,9697.87,1888.03,22836.52,2008.33,6762.38,8862.39,7252.9
2014-05-22,2204.95,2287.0,2204.95,2256.45,2264.8,679922.0,15409.13,-1534.8749999999973,2204.95,103.55,1495.5,3001.0,10.16,16543.08,1.5878,6820.6,9720.91,1892.49,22953.76,2015.59,6830.58,8969.6,7276.4
2014-05-23,2278.7,2403.0,2265.35,2390.15,2385.85,397790.0,9226.55,-1555.0649999999969,2265.35,104.25,1475.2,3022.0,10.16,16606.27,1.5878,6815.8,9768.01,1900.53,22965.86,2017.17,6811.33,9008.19,7367.1
2014-05-27,2345.95,2368.0,2289.0,2300.0,2302.05,241821.0,5626.11,-1583.4499999999975,2289.0,106.15,1464.7,3031.0,10.18,16675.5,1.5952,6844.9,9940.82,1911.91,22944.3,1997.63,6780.26,9055.26,7318.0
2014-05-28,2290.0,2360.3,2285.25,2310.0,2309.95,352579.0,8175.87,-1586.4224999999972,2285.25,106.45,1465.1,3029.0,10.21,16633.18,1.5952,6851.2,9939.17,1909.78,23080.03,2017.06,6787.88,9121.68,7329.65
2014-05-29,2303.1,2337.7,2255.05,2313.55,2305.85,352983.0,8123.22,-1605.564999999997,2255.05,107.55,1460.1,3046.0,10.22,16698.74,1.5952,6871.3,9938.9,1920.03,23010.14,2012.26,6676.67,9108.97,7235.65
2014-05-30,2314.15,2339.95,2254.0,2266.15,2271.8,189180.0,4340.8,-1630.084999999997,2254.0,107.65,1452.7,3071.0,10.19,16717.17,1.5952,6844.5,9943.27,1923.57,23081.65,1994.96,6647.65,9075.88,7229.95
2014-06-03,2344.7,2356.8,2310.0,2342.3,2336.85,372134.0,8700.54,-1676.3874999999973,2310.0,109.0,1433.5,3070.0,10.13,16722.34,1.5952,6836.3,9919.74,1924.24,23291.04,2008.56,6800.84,9123.43,7415.85
2014-06-05,2410.0,2427.0,2367.15,2371.0,2381.2,553410.0,13246.82,-1723.4574999999977,2367.15,108.4,1445.1,3092.0,10.13,16836.11,1.5952,6813.5,9947.83,1940.46,23109.66,1995.48,6772.44,9140.69,7474.1
2014-06-09,2415.0,2449.0,2387.05,2432.5,2435.15,315081.0,7636.71,-1763.0799999999977,2387.05,109.8,1454.3,3077.0,10.13,16943.1,1.6026,6875.0,10008.63,1951.27,23117.47,1990.04,6802.73,9162.71,7654.6
2014-06-10,2475.0,2484.0,2411.0,2473.45,2464.3,559445.0,13728.23,-1781.7774999999979,2411.0,112.7,1482.2,3087.0,10.13,16945.92,1.6026,6873.6,10028.8,1950.79,23315.74,2011.8,6777.98,9222.34,7656.4
2014-06-11,2470.0,2482.5,2433.0,2440.0,2448.55,395488.0,9710.93,-1799.4449999999983,2433.0,111.0,1481.1,3120.0,10.11,16843.88,1.6026,6838.9,9949.81,1943.89,23257.29,2014.67,6809.18,9229.77,7626.85
2014-06-16,2399.0,2409.0,2360.5,2380.0,2381.15,225806.0,5378.07,-1812.079999999998,2360.5,108.65,1439.1,3126.0,10.11,16781.01,1.6026,6754.6,9883.98,1937.78,23300.67,1993.59,6758.45,9202.9,7533.55
2014-06-17,2388.0,2422.5,2381.0,2407.0,2414.45,190284.0,4573.54,-1809.8524999999977,2381.0,109.65,1443.1,3136.0,10.08,16808.49,1.6026,6766.8,9920.32,1941.99,23203.59,2001.55,6704.93,9240.57,7631.7
2014-06-18,2415.0,2449.0,2400.0,2435.0,2435.0,501190.0,12160.88,-1823.142499999998,2400.0,109.75,1450.8,3141.0,10.01,16906.62,1.6026,6778.6,9930.33,1956.98,23181.72,1989.49,6703.13,9279.9,7558.2
2014-06-19,2441.0,2449.0,2371.0,2371.25,2380.05,305893.0,7337.02,-1850.004999999998,2371.0,110.75,1474.5,3140.0,9.98,16921.46,1.61,6808.1,10004.0,1959.48,23167.73,1992.03,6699.39,9316.78,7540.7
2014-06-20,2363.25,2397.35,2362.0,2365.15,2366.4,135952.0,3232.85,-1849.0324999999982,2362.0,111.85,1457.3,3117.0,10.03,16947.08,1.61,6825.2,9987.24,1962.87,23194.06,1968.07,6730.96,9273.76,7511.45
2014-06-23,2392.0,2394.95,2351.05,2385.0,2380.3,158501.0,3761.07,-1866.2324999999985,2351.05,111.6,1456.6,3096.0,10.02,16937.26,1.61,6800.6,9920.92,1962.61,22804.81,1974.92,6761.99,9228.32,7493.35
2014-06-24,2390.0,2422.0,2389.2,2419.0,2414.6,217974.0,5246.91,-1871.859999999998,2389.2,111.45,1471.9,3056.0,10.04,16818.13,1.61,6787.1,9938.08,1949.98,22880.64,1994.35,6793.07,9246.17,7580.2
2014-06-25,2414.95,2528.0,2391.1,2464.0,2471.0,430866.0,10519.95,-1890.4124999999983,2391.1,112.15,1473.2,3076.0,10.1,16867.51,1.61,6733.6,9867.75,1959.53,22866.7,1981.77,6834.68,9242.13,7569.25
2014-06-26,2485.0,2503.95,2437.5,2480.35,2486.9,539042.0,13320.31,-1899.4649999999986,2437.5,112.45,1470.1,3055.0,10.13,16846.13,1.61,6735.1,9804.9,1957.22,23197.83,1995.05,6892.18,9320.91,7493.2
2014-06-27,2480.05,2480.05,2440.0,2443.0,2454.7,151990.0,3742.26,-1900.959999999998,2440.0,112.05,1478.5,3140.0,10.12,16851.84,1.61,6757.8,9815.17,1960.96,23221.52,1988.51,6842.15,9306.8,7508.8
2014-07-02,2593.8,2665.0,2568.25,2641.35,2641.95,775548.0,20386.04,-1943.5049999999978,2568.25,112.25,1509.7,3136.0,10.04,16976.24,1.6092,6816.4,9911.27,1974.62,23549.62,2015.28,6850.6,9484.92,7725.15
2014-07-09,2607.0,2607.0,2492.2,2524.9,2516.45,406355.0,10394.89,-1937.6599999999971,2492.2,115.3,1505.9,3113.0,9.99,16985.61,1.6092,6718.0,9808.2,1972.83,23176.07,2000.5,6903.79,9489.95,7585.0
2014-07-10,2517.0,2630.0,2490.0,2526.75,2531.7,349298.0,8880.7,-1940.2024999999971,2490.0,114.65,1516.0,3118.0,9.97,16915.07,1.6018,6672.4,9659.13,1964.68,23238.99,2002.84,6937.21,9565.08,7567.75
2014-07-11,2525.0,2560.95,2472.0,2506.95,2504.65,273178.0,6860.31,-1950.7674999999972,2472.0,114.9,1512.3,3127.0,9.97,16943.81,1.6018,6690.2,9666.34,1967.57,23233.45,1988.74,6901.09,9495.8,7459.6
2014-07-15,2526.0,2549.35,2507.0,2519.0,2518.45,171337.0,4325.8,-1949.7424999999973,2507.0,115.95,1484.3,3143.0,9.95,17060.68,1.6018,6710.5,9719.41,1973.28,23459.96,2012.72,6834.04,9569.13,7526.65
2014-07-17,2575.0,2579.75,2527.25,2557.0,2560.35,214428.0,5474.87,-1961.2649999999971,2527.25,117.95,1503.0,3064.0,9.95,16976.81,1.6018,6738.3,9753.88,1958.12,23520.87,2020.9,6867.36,9408.21,7640.45
2014-07-18,2550.0,2553.2,2505.0,2517.6,2524.6,260815.0,6577.38,-1969.174999999997,2505.0,119.65,1489.2,3082.0,9.99,17100.18,1.5944,6749.5,9720.02,1978.22,23454.79,2019.42,6853.07,9400.94,7663.9
2014-07-21,2524.6,2573.0,2524.6,2534.8,2541.35,238243.0,6084.27,-1973.4774999999968,2524.6,118.7,1492.7,3128.0,10.02,17051.73,1.5944,6728.4,9612.05,1973.63,23387.14,2018.5,6874.88,9440.94,7684.2
2014-07-22,2545.8,2561.0,2493.65,2515.1,2513.4,236100.0,5966.68,-1978.4174999999968,2493.65,121.35,1487.6,3131.0,10.05,17113.54,1.5944,6795.3,9734.33,1983.53,23782.11,2028.93,6869.94,9499.33,7767.85
2014-07-23,2525.15,2529.45,2479.0,2490.0,2490.05,253475.0,6335.52,-1958.6699999999973,2479.0,122.3,1485.0,3185.0,10.05,17086.63,1.6018,6798.2,9753.56,1987.01,23971.87,2028.32,6892.92,9499.33,7795.75
2014-07-24,2500.0,2511.0,2485.0,2492.0,2498.7,288868.0,7213.37,-1959.259999999997,2485.0,119.9,1472.7,3198.0,10.05,17083.8,1.6018,6821.5,9794.06,1987.98,24141.5,2026.62,6889.89,9527.5,7830.6
2014-07-25,2497.0,2537.0,2496.9,2506.2,2509.3,230984.0,5819.02,-1968.4899999999975,2496.9,121.0,1477.6,3194.0,10.11,16960.57,1.6018,6791.6,9644.01,1978.34,24216.01,2033.85,6889.55,9439.26,7790.45
2014-07-28,2510.0,2525.0,2492.6,2502.0,2505.5,182179.0,4573.12,-1971.7974999999974,2492.6,119.6,1489.4,3165.0,10.07,16982.59,1.6018,6788.1,9598.17,1978.91,24428.63,2048.81,6850.47,9420.15,7748.7
2014-07-30,2509.95,2560.0,2485.0,2553.05,2552.45,189655.0,4797.27,-1962.0799999999972,2485.0,118.7,1481.9,3205.0,9.99,16880.36,1.5944,6773.4,9593.68,1970.07,24732.21,2082.61,6867.59,9446.99,7791.4
2014-07-31,2564.75,2590.0,2511.4,2522.0,2524.05,958095.0,24444.43,-1956.1849999999972,2511.4,122.25,1465.2,3219.0,9.98,16563.3,1.587,6730.1,9407.48,1930.67,24756.85,2076.12,6864.82,9315.82,7721.3
2014-08-01,2510.0,2626.55,2509.0,2579.0,2586.0,943610.0,24465.66,-1945.739999999997,2509.0,121.45,1463.3,3207.0,9.96,16493.37,1.5788,6679.2,9210.08,1925.15,24532.43,2073.1,6894.23,9266.48,7602.6
2014-08-04,2590.0,2660.0,2571.4,2660.0,2645.7,480503.0,12581.2,-1945.899999999997,2571.4,121.2,1466.6,3195.0,9.91,16569.28,1.5788,6677.5,9154.14,1938.99,24600.08,2080.42,6998.37,9330.16,7683.65
2014-08-05,2653.7,2675.0,2628.6,2658.0,2665.85,412319.0,10954.44,-1953.0499999999972,2628.6,123.85,1455.9,3195.0,9.93,16429.47,1.5788,6682.5,9189.74,1920.21,24648.26,2066.26,6974.0,9141.41,7746.55
2014-08-06,2654.0,2670.0,2630.35,2641.75,2637.0,238191.0,6311.65,-1955.417499999997,2630.35,122.85,1465.2,3219.0,9.96,16443.34,1.5788,6636.2,9130.04,1920.24,24584.13,2060.73,6948.97,9143.94,7672.05
2014-08-07,2629.5,2667.0,2629.5,2653.0,2649.4,286075.0,7585.65,-1962.364999999997,2629.5,123.9,1481.5,3232.0,9.99,16368.27,1.5862,6597.4,9038.97,1909.57,24387.56,2054.51,6955.21,9131.41,7649.25
2014-08-08,2629.0,2635.0,2593.5,2623.0,2622.6,266242.0,6957.9,-1966.9099999999971,2593.5,124.2,1478.3,3228.0,10.03,16553.93,1.5862,6567.4,9009.32,1931.59,24331.41,2031.1,6880.34,9085.93,7568.55
2014-08-11,2639.0,2672.0,2635.05,2665.0,2664.55,226565.0,6020.03,-1990.6549999999975,2635.05,123.9,1471.6,3222.0,10.04,16569.98,1.5937,6632.8,9180.74,1936.92,24646.02,2039.37,6956.66,9172.88,7625.95
2014-08-12,2672.0,2684.95,2647.2,2656.05,2664.25,223239.0,5943.21,-1998.384999999997,2647.2,124.35,1472.2,3222.0,10.08,16560.54,1.5937,6632.4,9069.47,1933.75,24689.41,2041.47,6983.49,9163.09,7727.05
2014-08-13,2653.3,2674.95,2643.0,2645.5,2650.95,186796.0,4959.17,-2019.3099999999972,2643.0,124.95,1469.9,3219.0,10.08,16651.8,1.5937,6656.7,9198.88,1946.72,24890.34,2062.36,6986.24,9231.28,7739.55
2014-08-14,2645.0,2693.0,2645.0,2670.0,2666.55,311544.0,8327.07,-2024.0299999999975,2645.0,123.45,1469.2,3215.0,10.08,16713.58,1.6011,6685.3,9225.1,1955.18,24801.36,2063.22,7061.0,9230.58,7791.7
2014-08-18,2651.15,2722.5,2651.15,2709.6,2703.55,359547.0,9697.42,-2051.0399999999977,2651.15,121.05,1446.2,3259.0,10.06,16838.74,1.6011,6741.3,9245.33,1971.74,24955.46,2053.13,7027.58,9141.28,7874.25
2014-08-19,2715.0,2760.0,2712.2,2755.0,2749.3,404906.0,11081.36,-2062.274999999998,2712.2,122.1,1439.5,3199.0,10.1,16919.59,1.6086,6779.3,9334.28,1981.6,25122.95,2071.14,7082.75,9243.75,7897.5
2014-08-20,2749.0,2755.0,2724.95,2737.0,2737.85,212477.0,5812.1,-2092.4499999999975,2724.95,122.95,1429.2,3221.0,10.1,16979.13,1.6086,6755.5,9314.57,1986.51,25159.76,2072.78,7096.49,9288.02,7875.3
2014-08-22,2756.0,2767.9,2729.0,2767.9,2754.85,192631.0,5291.2,-2121.7474999999977,2729.0,124.25,1418.5,3196.0,10.08,17001.22,1.6086,6775.3,9339.17,1988.4,25112.23,2056.7,7133.09,9380.07,7913.2
2014-08-26,2785.0,2799.9,2755.0,2781.0,2772.4,295099.0,8187.77,-2127.8099999999977,2755.0,125.0,1419.6,3220.0,10.1,17106.7,1.6086,6822.8,9588.15,2000.02,25074.5,2068.05,7146.35,9393.93,7904.75
2014-08-27,2785.0,2798.65,2760.75,2773.0,2769.25,308090.0,8540.41,-2140.9974999999977,2760.75,125.75,1419.9,3216.0,10.16,17122.01,1.6086,6830.7,9569.71,2000.12,24918.75,2074.93,7160.46,9485.55,7936.05
2014-08-28,2775.0,2803.7,2761.7,2776.8,2784.5,444326.0,12374.17,-2169.699999999998,2761.7,125.4,1425.2,3218.0,10.16,17079.57,1.6086,6805.8,9462.56,1996.74,24741.0,2075.76,7100.7,9478.33,7954.35
2014-09-04,2910.0,2923.55,2883.1,2894.25,2897.75,254066.0,7366.61,-2182.5774999999985,2883.1,125.2,1408.3,3131.0,10.13,17069.58,1.6078,6878.0,9724.26,1997.65,25297.92,2056.26,7204.11,9428.86,8095.95
2014-09-05,2872.0,2901.95,2859.9,2885.0,2880.75,262632.0,7570.04,-2194.7649999999985,2859.9,126.75,1411.0,3111.0,10.15,17137.36,1.6004,6855.1,9747.02,2007.71,25240.15,2049.41,7263.58,9407.91,8086.85
2014-09-11,2905.0,2924.0,2876.25,2922.95,2917.1,280993.0,8158.34,-2231.759999999998,2876.25,124.5,1370.7,3040.0,10.1,17049.0,1.5929,6799.6,9691.28,1997.45,24662.64,2034.16,7202.06,9322.92,8085.7
2014-09-12,2921.0,2979.0,2921.0,2975.2,2971.8,453657.0,13425.79,-2229.5524999999984,2921.0,122.9,1370.5,3053.0,10.05,16987.51,1.5929,6807.0,9651.13,1985.54,24595.32,2041.86,7201.88,9223.15,8105.5
2014-09-15,2970.9,2974.4,2930.0,2963.05,2962.6,287604.0,8506.13,-2244.354999999998,2930.0,123.0,1363.5,3057.0,10.04,17031.14,1.5854,6804.2,9659.63,1984.13,24356.99,2035.82,7161.27,9217.43,8042.0
2014-09-16,2955.0,2980.3,2931.0,2956.0,2950.35,360771.0,10659.45,-2281.6449999999977,2931.0,120.55,1367.3,3070.0,10.0,17131.97,1.5854,6792.2,9632.93,1998.98,24136.01,2042.92,7180.34,9133.37,7932.9
2014-09-17,2950.0,2985.0,2916.25,2982.0,2967.2,313982.0,9251.91,-2292.5399999999972,2916.25,122.6,1362.2,3153.0,10.05,17156.85,1.5929,6780.9,9661.5,2001.57,24376.41,2062.61,7231.84,9195.14,7975.5
2014-09-18,2978.0,3060.0,2960.0,3054.1,3042.7,369872.0,11169.3,-2307.132499999998,2960.0,120.2,1349.5,3192.0,10.04,17265.99,1.5929,6819.3,9798.13,2011.36,24168.72,2047.74,7287.29,9237.0,8114.75
2014-09-22,3074.3,3085.0,3041.5,3065.05,3066.2,228956.0,7017.01,-2321.7924999999977,3041.5,118.9,1330.2,3328.0,10.09,17172.68,1.5929,6773.6,9749.54,1994.29,23955.49,2039.27,7279.86,9134.62,8146.3
2014-09-23,3079.0,3112.0,3054.1,3060.0,3061.8,331237.0,10220.23,-2334.5899999999974,3054.1,119.15,1332.7,3297.0,10.07,17055.87,1.5854,6676.1,9595.03,1982.77,23837.07,2028.91,7271.62,9084.87,8017.55
2014-09-24,3075.0,3090.0,3031.0,3079.9,3071.8,211358.0,6465.46,-2336.3599999999974,3031.0,118.2,1319.4,3371.0,10.08,17210.06,1.5779,6706.3,9661.97,1998.3,23921.61,2035.64,7355.29,9098.46,8002.4
2014-09-25,3075.0,3100.0,3043.0,3057.0,3057.25,318285.0,9761.66,-2350.7599999999975,3043.0,118.6,1314.2,3333.0,10.09,16945.8,1.5704,6639.7,9510.01,1965.99,23768.13,2034.11,7294.21,9011.56,7911.85
2014-09-29,3036.0,3037.0,3001.85,3014.5,3008.15,217945.0,6571.71,-2344.302499999998,3001.85,117.95,1307.8,3311.0,10.12,17071.22,1.563,6646.6,9422.91,1977.8,23229.21,2026.6,7265.36,8960.73,7958.9
2014-09-30,3018.0,3078.0,3013.8,3060.6,3062.85,293390.0,8959.31,-2370.1424999999977,3013.8,120.45,1298.5,3300.0,10.14,17042.9,1.5704,6622.7,9474.3,1972.29,22932.98,2020.09,7283.07,8966.89,7964.8
2014-10-07,2971.0,2994.0,2934.0,2945.0,2938.65,295318.0,8763.98,-2360.3574999999973,2934.0,117.7,1261.1,3051.0,10.2,16719.39,1.5772,6495.6,9086.21,1935.1,23422.52,1972.91,7239.38,9040.78,7852.4
2014-10-08,2939.0,2968.0,2924.05,2949.1,2951.1,283872.0,8369.71,-2363.8749999999973,2924.05,119.25,1266.1,3038.0,10.28,16994.22,1.5772,6482.2,8995.33,1968.89,23263.33,1965.25,7185.68,8955.15,7842.7
2014-10-13,2941.0,2980.0,2925.05,2970.0,2972.85,158747.0,4701.68,-2400.707499999997,2925.05,117.6,1260.7,3059.0,10.23,16321.07,1.5622,6366.2,8812.43,1874.74,23143.38,1927.21,6968.09,8711.36,7884.25
2014-10-14,2980.1,2992.7,2957.1,2959.0,2962.1,176342.0,5239.03,-2402.957499999997,2957.1,117.65,1272.3,3102.0,10.22,16315.19,1.5547,6392.7,8825.21,1877.7,23047.97,1929.25,6946.06,8768.36,7864.0
2014-10-16,2956.1,2980.0,2912.0,2920.0,2936.85,168761.0,4981.63,-2386.9099999999967,2912.0,118.75,1252.4,3086.0,10.3,16117.24,1.5396,6195.9,8582.9,1862.76,22900.94,1918.83,7028.58,8633.66,7748.2
2014-10-17,2940.0,2960.7,2902.0,2945.1,2941.1,283917.0,8313.24,-2385.8349999999964,2902.0,117.85,1262.0,3118.0,10.33,16380.41,1.5622,6310.3,8850.27,1886.76,23023.21,1900.66,7003.22,8512.85,7779.7
2014-10-20,2978.0,3014.8,2978.0,3001.0,3003.7,196994.0,5909.46,-2373.6024999999963,2978.0,120.2,1267.9,3120.0,10.32,16399.67,1.5622,6267.1,8717.76,1904.01,23070.26,1930.06,7057.53,8663.11,7879.4
2014-10-21,3015.0,3084.75,3010.0,3077.0,3075.7,220013.0,6711.16,-2379.0274999999965,3010.0,120.5,1283.7,3110.0,10.34,16614.81,1.5772,6372.3,8886.96,1941.28,23088.58,1915.28,7068.03,8654.61,7927.75
2014-10-22,3092.0,3189.0,3085.4,3174.0,3177.2,398874.0,12560.87,-2388.0524999999966,3085.4,121.5,1271.6,3113.0,10.32,16461.32,1.5772,6399.7,8940.14,1927.11,23403.97,1936.97,7154.22,8748.8,7995.9
2014-10-27,3171.0,3190.0,3105.5,3171.05,3169.7,160160.0,5070.05,-2385.6824999999963,3105.5,119.95,1255.2,2970.0,10.24,16817.94,1.5772,6363.5,8902.61,1961.63,23143.23,1931.97,7103.54,8627.75,7991.7
2014-10-28,3169.7,3169.7,3130.05,3150.05,3151.35,220379.0,6934.38,-2390.159999999996,3130.05,121.4,1267.1,2923.0,10.29,17005.75,1.5772,6402.2,9068.19,1985.05,23520.36,1925.68,7066.74,8773.52,8027.6
2014-10-29,3166.0,3219.0,3145.4,3201.4,3205.4,228343.0,7263.62,-2374.1399999999962,3145.4,122.4,1270.0,2937.0,10.33,16974.31,1.5772,6453.9,9082.81,1982.3,23819.87,1961.17,7093.31,8903.65,8090.45
2014-10-30,3221.85,3299.0,3171.0,3232.2,3240.25,1274329.0,41295.7,-2383.289999999996,3171.0,124.7,1245.9,2946.0,10.32,17195.42,1.5772,6463.6,9114.84,1994.65,23702.04,1958.93,7170.99,8888.04,8169.2
2014-10-31,3265.0,3350.0,3246.25,3332.05,3337.25,902391.0,29868.98,-2371.402499999996,3246.25,126.05,1235.2,2899.0,10.28,17390.52,1.5772,6546.5,9326.87,2018.05,23998.06,1964.43,7215.73,8974.73,8322.2
2014-11-03,3330.0,3334.0,3276.0,3284.15,3286.85,452092.0,14883.47,-2385.337499999996,3276.0,126.85,1242.8,2861.0,10.27,17366.24,1.5764,6488.0,9251.7,2017.81,23915.97,1952.97,7312.85,9004.83,8324.15
2014-11-05,3295.0,3327.85,3280.0,3289.35,3288.95,267172.0,8843.95,-2410.092499999996,3280.0,126.95,1210.6,2871.0,10.29,17484.53,1.5689,6539.1,9315.48,2023.57,23695.62,1931.43,7208.81,8962.57,8338.3
2014-11-07,3286.0,3318.7,3249.15,3284.0,3288.35,302843.0,9955.08,-2425.962499999996,3249.15,128.3,1212.8,2889.0,10.26,17573.93,1.5689,6567.2,9291.83,2031.92,23550.24,1939.87,7205.72,8912.59,8337.0
2014-11-10,3285.0,3315.0,3268.05,3300.0,3307.8,207284.0,6830.36,-2447.1199999999963,3268.05,127.0,1206.9,2895.0,10.24,17613.74,1.5689,6611.3,9351.87,2038.26,23744.7,1958.23,7192.12,9049.95,8344.25
2014-11-11,3298.0,3334.9,3291.15,3325.0,3329.0,213365.0,7077.74,-2466.0149999999962,3291.15,126.05,1206.7,2920.0,10.31,17614.9,1.5689,6627.4,9369.03,2039.68,23808.28,1963.0,7204.55,9034.11,8362.65
2014-11-12,3329.0,3371.3,3310.0,3369.0,3359.75,261098.0,8744.29,-2487.0424999999964,3310.0,126.8,1205.3,2851.0,10.34,17612.2,1.5764,6611.0,9210.96,2038.25,23938.18,1967.27,7232.87,8918.92,8383.3
2014-11-13,3370.0,3396.0,3321.7,3324.6,3328.55,235947.0,7929.24,-2505.1599999999967,3321.7,127.5,1199.0,2798.0,10.3,17652.79,1.5689,6635.5,9248.51,2039.33,24019.94,1960.51,7198.63,8980.64,8357.85
2014-11-14,3329.1,3344.0,3320.3,3322.8,3329.55,115687.0,3856.31,-2510.944999999997,3320.3,126.1,1213.1,2847.0,10.29,17634.74,1.5614,6654.4,9252.94,2039.82,24087.38,1945.14,7217.34,8982.85,8389.9
2014-11-17,3321.95,3370.0,3313.1,3338.0,3341.2,186565.0,6240.95,-2529.899999999997,3313.1,125.85,1201.3,2836.0,10.25,17647.75,1.5614,6672.0,9306.35,2041.32,23797.08,1943.63,7229.72,8884.36,8430.75
2014-11-18,3341.0,3376.75,3324.55,3358.85,3364.6,276896.0,9297.93,-2566.337499999997,3324.55,126.3,1204.6,2845.0,10.26,17687.82,1.5614,6709.1,9456.53,2051.8,23529.17,1967.01,7275.66,8859.04,8425.9
2014-11-19,3378.0,3395.0,3323.6,3332.0,3343.4,213795.0,7178.91,-2586.4524999999967,3323.6,124.95,1199.3,2871.0,10.24,17685.73,1.5538,6696.6,9472.8,2048.72,23373.31,1966.87,7269.49,8963.21,8382.3
2014-11-20,3343.0,3364.8,3312.0,3320.35,3335.5,164288.0,5481.74,-2621.6424999999967,3312.0,126.15,1205.6,2879.0,10.32,17719.0,1.5538,6678.9,9483.97,2052.75,23349.64,1958.04,7268.95,9078.84,8401.9
2014-11-21,3333.05,3364.0,3305.55,3346.05,3355.05,261401.0,8731.7,-2635.609999999997,3305.55,126.55,1227.3,2867.0,10.3,17810.06,1.5614,6750.8,9732.55,2063.5,23437.12,1964.84,7276.18,9091.5,8477.35
2014-11-25,3358.0,3388.0,3281.65,3294.0,3288.85,343894.0,11431.82,-2648.3224999999975,3281.65,127.85,1224.5,2863.0,10.27,17814.94,1.5614,6731.1,9861.21,2067.03,23843.91,1980.21,7286.85,9116.21,8463.1
2014-12-01,3341.0,3432.0,3335.0,3384.0,3389.15,510490.0,17346.39,-2612.877499999998,3335.0,125.85,1241.6,2933.0,10.27,17776.8,1.5379,6656.4,9963.51,2053.44,23367.45,1965.22,7331.73,9117.68,8555.9
2014-12-02,3395.0,3395.0,3352.05,3365.3,3356.85,165773.0,5579.53,-2628.2574999999983,3352.05,126.0,1217.5,2896.0,10.28,17879.55,1.5303,6742.1,9934.08,2066.55,23654.3,1965.83,7344.23,9034.76,8524.7
2014-12-04,3392.0,3415.0,3384.2,3401.0,3406.85,199285.0,6777.3,-2628.3849999999984,3384.2,121.65,1245.9,2902.0,10.34,17900.1,1.5379,6679.4,9851.35,2071.92,23832.56,1986.61,7299.85,9225.08,8564.4
2014-12-05,3411.0,3417.0,3390.0,3405.0,3410.1,140056.0,4772.07,-2634.4724999999985,3390.0,122.95,1219.5,2929.0,10.31,17958.79,1.5303,6742.8,10087.12,2075.37,24002.64,1986.62,7230.56,9206.54,8538.3
2014-12-09,3390.0,3390.0,3319.8,3330.0,3336.55,221590.0,7409.24,-2630.6024999999986,3319.8,120.85,1246.8,2986.0,10.31,17801.2,1.5151,6529.5,9793.71,2059.82,23485.83,1970.95,7183.87,9128.87,8340.7
2014-12-10,3323.05,3345.0,3303.2,3320.65,3323.4,236136.0,7842.63,-2615.4849999999983,3303.2,121.6,1242.6,2975.0,10.4,17533.15,1.5076,6500.0,9799.73,2026.14,23524.52,1945.56,7175.08,9032.13,8355.65
2014-12-11,3325.0,3352.0,3286.75,3350.0,3341.1,156314.0,5200.95,-2616.1124999999984,3286.75,121.35,1242.2,2888.0,10.33,17596.34,1.5,6461.7,9862.53,2035.33,23312.54,1916.59,7072.1,9013.04,8292.9
2014-12-12,3352.0,3394.4,3342.3,3382.0,3379.3,241538.0,8145.69,-2638.5499999999984,3342.3,120.85,1231.5,2891.0,10.32,17280.83,1.4848,6300.6,9594.73,2002.33,23249.2,1921.71,7224.21,9027.3,8224.1
2014-12-15,3374.0,3379.9,3346.3,3372.6,3368.75,135240.0,4548.97,-2639.927499999999,3346.3,120.65,1214.9,2873.0,10.39,17180.84,1.4697,6182.7,9334.01,1989.63,23027.85,1920.36,7275.62,8985.6,8219.6
2014-12-16,3345.0,3383.7,3301.5,3307.0,3309.85,217196.0,7231.88,-2615.0399999999986,3301.5,121.65,1196.5,2914.0,10.41,17068.87,1.4621,6331.8,9563.89,1972.74,22670.5,1904.13,7160.38,8950.88,8067.6
2014-12-17,3290.0,3315.0,3250.75,3252.0,3261.95,267012.0,8730.44,-2610.967499999999,3250.75,120.8,1199.5,2915.0,10.46,17356.87,1.4773,6336.5,9544.43,2012.89,22585.84,1900.16,6966.21,8828.33,8029.8
2014-12-18,3300.0,3399.25,3270.05,3380.65,3385.3,283235.0,9470.05,-2612.507499999999,3270.05,120.7,1197.1,2965.0,10.45,17778.15,1.5,6466.0,9811.06,2061.23,22832.21,1897.5,7029.28,8878.6,8159.3
2014-12-19,3401.0,3462.0,3350.25,3355.0,3359.4,473560.0,16130.18,-2612.7249999999985,3350.25,119.25,1197.0,2980.0,10.47,17804.8,1.5076,6545.3,9786.96,2070.65,23116.63,1929.98,7125.63,8999.49,8225.2
2014-12-22,3381.95,3412.5,3358.1,3387.6,3393.5,194933.0,6602.14,-2614.894999999998,3358.1,119.8,1182.1,2986.0,10.4,17959.44,1.5076,6576.7,9865.76,2078.54,23408.57,1943.12,7139.27,9094.97,8324.0
2014-12-23,3395.0,3424.0,3385.1,3391.0,3398.7,202035.0,6876.93,-2620.3874999999985,3385.1,118.15,1191.7,2966.0,10.41,18024.17,1.5151,6598.2,9922.11,2082.17,23333.69,1939.02,7186.32,9097.68,8267.0
2014-12-29,3335.05,3380.0,3335.05,3344.9,3347.2,211257.0,7088.52,-2593.394999999999,3335.05,117.0,1201.7,2964.0,10.42,18038.23,1.5151,6633.5,9927.13,2090.57,23773.18,1927.86,7230.57,9286.25,8246.3
2015-01-05,3382.0,3469.35,3376.05,3448.0,3447.8,536747.0,18498.41,-2575.582499999998,3376.05,115.7,1210.1,2944.0,10.53,17501.65,1.5068,6417.2,9473.16,2020.58,23721.32,1915.75,7276.63,9274.08,8378.4
2015-01-06,3439.0,3439.0,3382.5,3393.9,3395.25,422743.0,14408.83,-2563.702499999998,3382.5,114.75,1220.8,2902.0,10.62,17371.64,1.4992,6366.5,9469.66,2002.61,23485.41,1882.45,7277.74,9048.31,8127.35
2015-01-07,3400.0,3458.95,3382.05,3449.7,3437.75,369241.0,12626.44,-2568.762499999998,3382.05,112.6,1220.7,2912.0,10.69,17584.52,1.5068,6419.8,9518.18,2025.9,23681.26,1883.83,7309.7,9080.06,8102.1
2015-01-08,3465.0,3509.55,3444.0,3484.0,3475.5,422022.0,14689.17,-2574.3174999999974,3444.0,112.65,1221.7,2986.0,10.56,17907.87,1.5144,6570.0,9837.61,2062.14,23835.53,1904.65,7367.63,9238.0,8234.6
2015-01-09,3500.0,3507.7,3429.95,3464.8,3468.2,194054.0,6734.64,-2580.672499999998,3429.95,113.85,1229.1,2968.0,10.59,17737.37,1.5144,6501.1,9648.5,2044.81,23919.95,1924.7,7402.72,9215.55,8284.5
2015-01-12,3470.0,3483.65,3445.15,3459.0,3462.9,152803.0,5291.8,-2580.3024999999975,3445.15,112.25,1240.4,2994.0,10.65,17640.84,1.5144,6501.4,9781.9,2028.26,24026.46,1920.95,7358.36,9178.27,8323.0
2015-01-13,3483.8,3515.0,3462.1,3468.25,3468.25,237771.0,8287.41,-2585.2774999999974,3462.1,112.0,1247.4,2991.0,10.68,17613.68,1.5144,6542.2,9941.0,2023.03,24215.97,1917.14,7399.0,9231.77,8299.4
2015-01-14,3471.85,3531.0,3461.3,3510.0,3516.0,429069.0,15046.81,-2577.3849999999975,3461.3,110.85,1238.4,2992.0,10.72,17427.09,1.5068,6388.5,9817.08,2011.27,24112.6,1913.66,7490.88,9180.2,8277.55
2015-01-21,3623.0,3690.0,3592.0,3621.45,3634.7,402419.0,14700.84,-2637.387499999998,3592.0,114.1,1277.3,2852.0,10.7,17554.28,1.5068,6728.0,10299.23,2032.12,24352.58,1921.23,7474.1,9319.68,8729.5
2015-01-22,3648.0,3648.0,3592.1,3598.9,3597.25,318883.0,11501.86,-2625.174999999998,3592.1,115.65,1284.0,2801.0,10.71,17813.98,1.5068,6796.6,10435.62,2063.15,24522.63,1920.82,7416.31,9369.48,8761.4
2015-01-23,3634.0,3639.75,3575.0,3603.05,3606.7,337571.0,12169.79,-2638.8549999999973,3575.0,114.4,1268.0,2755.0,10.71,17672.6,1.5144,6832.8,10649.58,2051.82,24850.45,1936.09,7548.93,9470.91,8835.6
2015-01-27,3644.95,3704.7,3585.15,3695.0,3687.9,1278436.0,46652.92,-2647.339999999997,3585.15,112.3,1266.3,2743.0,10.77,17387.21,1.5144,6811.6,10628.58,2029.55,24807.28,1952.4,7630.57,9521.55,8910.5
2015-01-28,3692.0,3758.5,3692.0,3722.2,3725.8,672705.0,25099.84,-2666.267499999997,3692.0,114.05,1257.6,2715.0,10.86,17191.37,1.5144,6825.9,10710.97,2002.16,24861.81,1961.58,7661.18,9510.88,8914.3
2015-01-29,3745.0,3745.0,3677.0,3685.5,3688.8,603103.0,22266.11,-2703.1674999999977,3677.0,112.8,1217.7,2686.0,10.85,17416.85,1.5144,6810.6,10737.87,2021.25,24595.85,1951.02,7617.3,9426.87,8952.35
2015-01-30,3700.0,3741.0,3626.55,3633.35,3647.35,284786.0,10513.99,-2718.4974999999977,3626.55,112.45,1239.2,2693.0,10.91,17164.95,1.5144,6749.4,10694.32,1994.99,24507.05,1949.26,7689.91,9361.88,8808.9
2015-02-02,3647.35,3725.0,3620.0,3668.0,3669.45,319679.0,11786.38,-2733.8399999999974,3620.0,115.35,1230.4,2672.0,10.93,17361.04,1.5136,6782.6,10828.01,2020.85,24484.74,1952.68,7630.71,9386.96,8797.4
2015-02-03,3708.0,3708.0,3600.0,3603.0,3607.85,220676.0,8028.17,-2741.8424999999975,3600.0,115.2,1237.2,2691.0,10.91,17666.4,1.5213,6871.8,10890.95,2050.03,24554.78,1951.96,7613.15,9448.7,8756.55
2015-02-04,3620.0,3634.0,3550.5,3558.95,3557.55,203545.0,7296.77,-2797.5574999999976,3550.5,116.2,1240.9,2724.0,10.85,17673.02,1.5213,6860.0,10911.32,2041.51,24679.76,1962.79,7716.06,9513.88,8723.7
2015-02-05,3579.0,3597.0,3508.0,3517.05,3522.7,379633.0,13482.01,-2801.8049999999976,3508.0,115.6,1251.7,2743.0,10.82,17884.88,1.5289,6865.9,10905.41,2062.52,24765.49,1952.84,7674.24,9512.01,8711.7
2015-02-06,3529.75,3533.5,3490.0,3508.75,3502.6,198214.0,6948.86,-2837.7599999999975,3490.0,116.0,1223.6,2775.0,10.78,17824.29,1.5366,6853.4,10846.39,2055.47,24679.39,1955.52,7728.18,9456.14,8661.05
2015-02-09,3490.0,3497.2,3400.0,3406.7,3411.3,286868.0,9900.08,-2834.9149999999977,3400.0,115.85,1222.4,2867.0,10.81,17729.21,1.5366,6837.2,10663.51,2046.74,24521.0,1947.0,7782.57,9421.47,8526.35
2015-02-10,3393.0,3478.0,3360.0,3405.0,3393.85,547537.0,18673.65,-2787.0124999999985,3360.0,115.85,1209.3,2863.0,10.73,17868.76,1.5366,6829.1,10753.83,2068.59,24528.1,1935.86,7723.14,9393.67,8565.55
2015-02-11,3406.0,3470.8,3406.0,3461.0,3454.75,341769.0,11780.61,-2786.3374999999987,3406.0,114.1,1197.6,2879.0,10.7,17862.14,1.5366,6818.2,10752.11,2068.53,24315.02,1945.7,7686.43,9462.18,8627.4
2015-02-12,3468.0,3559.75,3468.0,3553.0,3551.9,436882.0,15441.72,-2783.7324999999983,3468.0,113.15,1203.5,2955.0,10.7,17972.38,1.5366,6828.1,10919.65,2088.48,24422.15,1941.63,7714.55,9496.27,8711.55
2015-02-13,3565.0,3627.0,3531.3,3620.0,3616.95,321186.0,11546.51,-2783.289999999998,3531.3,114.0,1210.5,2969.0,10.69,18019.35,1.5366,6873.5,10963.4,2096.99,24682.54,1957.5,7773.45,9529.47,8805.5
2015-02-24,3573.85,3600.0,3553.2,3594.75,3588.3,143983.0,5151.94,-2758.6249999999977,3553.2,110.75,1166.0,3082.0,10.7,18209.19,1.5518,6949.6,11205.74,2115.48,24750.07,1976.12,7834.86,9629.33,8762.1
2015-02-25,3595.0,3615.0,3564.1,3579.5,3579.9,173339.0,6218.88,-2727.8749999999977,3564.1,111.5,1169.9,3024.0,10.73,18224.57,1.5518,6935.4,11210.27,2113.86,24778.28,1990.47,7844.06,9699.5,8767.25
2015-02-26,3567.3,3581.9,3483.15,3498.9,3496.85,429598.0,15098.11,-2716.427499999998,3483.15,110.75,1174.7,3051.0,10.71,18214.42,1.5595,6949.7,11327.19,2110.74,24902.06,1993.08,7764.39,9622.06,8683.85
2015-03-02,3648.1,3730.0,3632.25,3730.0,3711.45,386182.0,14231.63,-2743.7824999999975,3632.25,112.4,1191.0,3086.0,10.7,18288.63,1.5587,6940.6,11410.36,2117.39,24887.44,1996.81,7773.92,9601.32,8956.75
2015-03-03,3718.0,3734.35,3689.55,3714.95,3708.65,206296.0,7665.04,-2748.8224999999966,3689.55,111.8,1190.7,3100.0,10.7,18203.37,1.5587,6889.1,11280.36,2107.78,24702.78,2001.38,7776.51,9605.73,8996.25
2015-03-04,3750.0,3789.7,3647.25,3673.95,3678.4,340907.0,12695.69,-2724.0149999999962,3647.25,111.35,1182.8,3087.0,10.7,18096.9,1.5587,6919.2,11390.38,2098.53,24465.38,1998.29,7847.83,9621.69,8922.65
2015-03-05,3677.0,3711.25,3641.35,3675.0,3678.75,152837.0,5616.25,-2731.8174999999965,3641.35,112.45,1181.2,3075.0,10.74,18135.72,1.5587,6961.1,11504.01,2101.04,24193.04,1998.38,7819.04,9595.05,8937.75
2015-03-09,3632.3,3690.9,3623.0,3675.0,3671.3,218786.0,8010.44,-2751.3524999999963,3623.0,111.95,1149.7,3000.0,10.68,17995.72,1.551,6876.5,11582.11,2079.43,24123.05,1992.82,7820.29,9562.94,8756.75
2015-03-10,3689.0,3689.0,3640.25,3653.9,3646.75,182667.0,6684.31,-2763.1249999999964,3640.25,112.0,1130.5,2979.0,10.7,17662.94,1.5434,6702.8,11500.38,2044.16,23896.98,1984.77,7828.48,9536.5,8712.05
2015-03-11,3642.05,3672.0,3615.35,3652.05,3656.45,198508.0,7233.17,-2770.454999999996,3615.35,110.8,1116.4,2940.0,10.64,17635.39,1.5434,6721.5,11805.99,2040.24,23717.97,1980.83,7790.7,9523.14,8699.95
2015-03-13,3705.0,3717.2,3625.1,3650.0,3650.7,363024.0,13257.99,-2757.1174999999957,3625.1,109.65,1116.2,2902.0,10.6,17749.31,1.5357,6740.6,11901.61,2053.4,23823.21,1985.79,7809.54,9579.31,8647.75
2015-03-16,3651.0,3677.0,3637.8,3645.4,3647.05,182829.0,6689.5,-2758.6224999999963,3637.8,111.8,1108.9,2791.0,10.58,17977.42,1.5357,6804.1,12167.72,2081.19,23949.55,1987.33,7730.95,9512.88,8633.15
2015-03-17,3665.0,3688.95,3623.55,3656.0,3661.55,185250.0,6788.94,-2787.944999999996,3623.55,111.1,1094.7,2788.0,10.51,17849.08,1.528,6837.6,11980.85,2074.28,23901.49,2029.91,7789.1,9539.41,8723.3
2015-03-18,3663.0,3678.0,3642.3,3660.65,3664.9,177261.0,6495.22,-2792.9424999999956,3642.3,112.0,1093.6,2758.0,10.86,18076.19,1.528,6945.2,11922.77,2099.5,24120.08,2028.45,7756.58,9653.39,8685.9
2015-03-19,3671.0,3695.0,3648.0,3654.0,3655.0,252139.0,9258.99,-2802.284999999996,3648.0,110.05,1120.8,2715.0,10.74,17959.03,1.528,6962.3,11899.4,2089.27,24468.89,2037.89,7814.55,9736.69,8634.65
2015-03-20,3640.0,3672.8,3610.0,3620.0,3623.85,206403.0,7500.84,-2806.109999999996,3610.0,110.95,1142.2,2790.0,10.8,18127.65,1.5357,7022.5,12039.37,2108.1,24375.24,2037.24,7818.38,9749.65,8570.9
2015-03-23,3625.05,3639.2,3583.05,3589.2,3594.4,192986.0,6946.95,-2793.034999999996,3583.05,111.55,1145.5,2757.0,10.79,18116.04,1.5357,7037.7,11895.84,2104.42,24494.51,2036.59,7840.49,9758.05,8550.9
2015-03-24,3625.0,3635.0,3567.05,3596.05,3587.3,227226.0,8186.39,-2792.984999999996,3567.05,111.45,1142.5,2783.0,10.8,18011.14,1.5357,7019.7,12005.69,2091.5,24399.6,2041.37,7828.94,9731.62,8542.95
2015-03-25,3590.0,3628.9,3573.3,3608.6,3614.75,201854.0,7280.9,-2704.7274999999963,3573.3,111.4,1147.5,2786.0,10.79,17718.54,1.5357,6991.0,11865.32,2061.05,24528.23,2042.81,7836.34,9667.79,8530.8
2015-03-26,3605.0,3622.95,3537.95,3555.3,3561.45,489101.0,17546.55,-2707.957499999996,3537.95,110.85,1155.0,2760.0,10.77,17678.23,1.5357,6895.3,11843.68,2056.15,24497.08,2022.56,7871.1,9619.08,8342.15
2015-03-27,3570.0,3619.75,3545.6,3609.15,3610.05,204071.0,7310.27,-2646.5399999999963,3545.6,112.55,1144.6,2744.0,10.82,17712.66,1.5357,6855.0,11868.33,2061.02,24486.2,2019.8,7877.96,9503.68,8341.4
2015-03-30,3629.0,3674.0,3600.45,3662.0,3660.95,152167.0,5543.7,-2648.544999999996,3600.45,111.25,1116.9,2695.0,10.72,17976.31,1.5434,6891.4,12086.01,2086.24,24855.12,2030.04,7899.41,9521.83,8492.3
2015-03-31,3659.85,3727.7,3659.85,3695.35,3697.35,294635.0,10920.35,-2605.8899999999967,3659.85,112.65,1142.6,2699.0,10.76,17776.12,1.5434,6773.0,11966.17,2067.89,24900.89,2041.03,7940.49,9586.4,8491.0
2015-04-01,3699.95,3757.55,3600.0,3638.15,3644.7,694487.0,25415.48,-2602.692499999997,3600.0,111.9,1165.2,2748.0,10.78,17698.18,1.5349,6809.5,12001.38,2059.69,25082.75,2028.45,7993.09,9507.62,8586.25
2015-04-08,3615.0,3664.9,3606.0,3625.0,3628.7,256031.0,9304.56,-2674.047499999996,3606.0,111.45,1165.5,2807.0,10.78,17902.51,1.5503,6937.4,12035.86,2081.9,26236.86,2059.26,8052.69,9571.93,8714.4
2015-04-10,3660.0,3688.35,3633.4,3655.35,3666.6,201302.0,7370.14,-2663.7774999999965,3633.4,109.9,1170.0,2781.0,10.78,18057.65,1.558,7089.8,12374.73,2102.06,27272.39,2087.76,8127.48,9617.66,8780.35
2015-04-13,3661.0,3680.0,3642.75,3679.0,3665.2,218690.0,8002.85,-2662.7774999999965,3642.75,110.1,1153.5,2799.0,10.78,17977.04,1.558,7064.3,12338.73,2092.43,28016.34,2098.92,8073.25,9666.48,8834.0
2015-04-16,3676.25,3718.7,3662.25,3664.15,3677.9,206305.0,7614.3,-2681.2474999999963,3662.25,113.95,1158.5,2870.0,10.82,18105.77,1.5657,7060.5,11998.86,2104.99,27739.71,2139.9,7948.2,9656.83,8706.7
2015-04-17,3666.15,3682.9,3636.35,3637.0,3646.8,99056.0,3626.08,-2663.909999999996,3636.35,114.2,1166.8,2839.0,10.83,17826.3,1.558,6994.6,11688.7,2081.18,27653.12,2143.5,7946.89,9570.89,8606.0
2015-04-20,3627.0,3648.4,3584.6,3605.05,3608.05,175033.0,6318.82,-2661.0674999999965,3584.6,114.35,1148.1,2779.0,10.82,18034.93,1.5657,7052.1,11891.91,2100.4,27094.93,2146.71,7865.27,9552.81,8448.1
2015-04-21,3605.0,3607.25,3470.0,3490.15,3490.15,482786.0,16984.07,-2623.4749999999963,3470.0,114.95,1151.8,2773.0,10.83,17949.59,1.5657,7062.9,11939.58,2097.29,27850.49,2144.79,7846.94,9533.95,8377.75
2015-04-22,3491.05,3508.1,3386.1,3490.0,3462.95,422446.0,14558.71,-2615.429999999996,3386.1,114.65,1129.7,2772.0,10.77,18038.27,1.5657,7028.2,11867.37,2107.96,27933.85,2143.89,7833.03,9612.96,8429.7
2015-04-23,3490.0,3535.55,3480.0,3496.65,3494.45,234616.0,8217.43,-2587.1824999999963,3480.0,113.75,1136.2,2806.0,10.82,18058.69,1.5657,7053.7,11723.58,2112.93,27827.7,2173.41,7892.05,9797.45,8398.3
2015-04-24,3486.0,3565.0,3434.1,3556.0,3541.4,332449.0,11694.27,-2584.8874999999957,3434.1,112.75,1120.4,2889.0,10.86,18080.14,1.5657,7070.7,11810.85,2117.69,28060.98,2159.8,7947.25,9913.24,8305.25
2015-04-27,3563.2,3684.0,3520.2,3650.3,3648.4,1804129.0,65254.32,-2571.2699999999954,3520.2,116.2,1152.7,2918.0,10.75,18037.97,1.5734,7104.0,12039.16,2108.92,28433.59,2157.54,7958.07,9973.08,8213.8
2015-04-28,3664.0,3838.8,3660.0,3830.0,3822.6,1129937.0,42493.82,-2584.327499999996,3660.0,116.15,1157.5,2924.0,10.77,18110.14,1.5657,7030.5,11811.66,2114.76,28442.75,2147.67,7886.57,9956.79,8285.6
2015-04-29,3839.0,3873.0,3746.65,3754.0,3766.2,703698.0,26851.71,-2598.484999999995,3746.65,118.2,1160.4,2948.0,10.75,18035.53,1.5657,6946.3,11432.72,2106.85,28400.34,2142.63,7825.47,9853.79,8239.75
2015-04-30,3760.0,3793.0,3709.95,3735.4,3725.85,592304.0,22196.63,-2601.729999999996,3709.95,119.5,1139.9,2943.0,10.71,17840.52,1.5657,6960.6,11454.38,2085.51,28133.0,2127.17,7714.82,9820.01,8181.5
2015-05-13,3620.0,3632.0,3544.4,3605.0,3604.1,337505.0,12091.53,-2585.037499999997,3544.4,120.6,1149.8,3056.0,10.44,18060.49,1.5727,6949.6,11351.46,2098.48,27249.28,2114.16,7808.35,9724.07,8235.45
2015-05-14,3604.95,3653.5,3552.0,3650.0,3646.5,287801.0,10404.76,-2545.2499999999973,3552.0,119.3,1161.3,3088.0,10.53,18252.24,1.5727,6973.0,11559.82,2121.1,27286.55,2120.33,7831.44,9610.79,8224.2
2015-05-15,3640.0,3684.0,3626.0,3658.0,3671.2,208258.0,7621.78,-2544.9149999999972,3626.0,116.95,1168.0,3133.0,10.61,18272.56,1.5727,6960.5,11447.03,2122.73,27822.28,2106.5,7881.95,9579.44,8262.35
2015-05-18,3675.0,3706.4,3652.0,3703.0,3697.6,183483.0,6758.97,-2528.0549999999976,3652.0,116.25,1177.4,3140.0,10.56,18298.88,1.5727,6968.9,11594.28,2129.2,27591.25,2113.72,7910.43,9606.06,8373.65
2015-05-19,3695.0,3729.9,3685.0,3703.0,3706.75,175567.0,6520.82,-2532.9899999999975,3685.0,114.35,1149.8,3145.0,10.51,18312.39,1.5727,6995.1,11853.33,2127.83,27693.54,2120.85,7871.31,9716.73,8365.65
2015-05-20,3707.1,3749.95,3707.0,3707.0,3711.9,218115.0,8138.59,-2555.9774999999972,3707.0,112.8,1155.8,3125.0,10.53,18285.4,1.565,7007.3,11848.47,2125.85,27585.05,2139.54,7881.93,9685.27,8423.25
2015-05-21,3711.9,3729.9,3691.45,3693.25,3698.1,198709.0,7364.48,-2567.734999999998,3691.45,111.85,1151.5,3163.0,10.56,18285.74,1.5727,7013.5,11864.59,2130.82,27523.72,2122.81,7835.38,9578.52,8421.0
2015-05-22,3703.0,3728.8,3694.6,3702.0,3702.55,135158.0,5010.29,-2590.489999999998,3694.6,111.0,1147.9,3153.0,10.53,18232.02,1.5727,7031.7,11815.01,2126.06,27992.83,2146.1,7810.17,9638.76,8458.95
2015-05-27,3700.0,3750.0,3699.0,3721.5,3721.9,283565.0,10577.35,-2616.574999999998,3699.0,110.15,1118.5,3134.0,10.55,18162.99,1.5727,7033.3,11771.13,2123.48,28081.21,2107.5,7598.7,9693.5,8334.6
2015-05-28,3726.0,3738.95,3696.05,3715.0,3708.9,317937.0,11801.3,-2603.609999999998,3696.05,109.05,1116.3,3118.0,10.53,18126.12,1.5727,7040.9,11677.57,2120.79,27454.31,2110.89,7505.03,9712.8,8319.0
2015-05-29,3720.0,3788.95,3693.05,3781.15,3785.7,432656.0,16318.0,-2606.6024999999972,3693.05,112.5,1111.5,3085.0,10.54,18010.68,1.5727,6984.4,11413.82,2107.39,27424.19,2114.8,7580.46,9701.03,8433.65
2015-06-01,3785.9,3898.95,3774.4,3871.15,3882.85,571376.0,22053.68,-2627.3574999999973,3774.4,110.1,1104.2,3053.0,10.61,18040.37,1.5719,6953.6,11436.05,2111.73,27597.16,2102.37,7670.37,9625.65,8433.4
2015-06-02,3880.0,3887.3,3815.05,3817.0,3831.4,329350.0,12684.06,-2629.274999999997,3815.05,111.0,1112.8,3112.0,10.54,18011.94,1.5641,6928.3,11328.8,2109.6,27466.72,2078.64,7551.96,9614.22,8236.45
2015-06-03,3805.0,3820.0,3752.0,3797.4,3777.2,277700.0,10492.88,-2665.707499999997,3752.0,110.2,1104.1,3125.0,10.52,18076.27,1.5641,6950.5,11419.62,2114.07,27657.47,2063.16,7561.67,9556.48,8135.1
2015-06-04,3799.0,3813.0,3747.0,3772.8,3772.05,193996.0,7337.77,-2677.1299999999965,3747.0,111.3,1099.2,3115.0,10.44,17905.58,1.5641,6859.2,11340.6,2095.84,27551.89,2072.86,7553.65,9348.6,8130.65
2015-06-05,3769.0,3799.9,3751.0,3757.05,3759.45,253728.0,9579.7,-2666.424999999996,3751.0,110.7,1092.0,3116.0,10.48,17849.46,1.5564,6804.6,11197.15,2092.83,27260.16,2068.1,7526.7,9340.1,8114.7
2015-06-08,3786.0,3804.55,3716.0,3718.0,3723.5,303682.0,11388.07,-2670.0149999999962,3716.0,110.95,1101.2,3117.0,10.41,17766.55,1.5564,6790.0,11064.92,2079.28,27316.28,2065.19,7484.89,9368.4,8044.15
2015-06-09,3710.0,3726.95,3675.8,3700.0,3692.3,209963.0,7768.56,-2659.457499999997,3675.8,110.75,1108.5,3107.0,10.42,17764.04,1.5486,6753.8,11001.29,2080.15,26989.52,2064.03,7323.44,9191.84,8022.4
2015-06-10,3702.95,3748.9,3694.15,3745.1,3742.55,239272.0,8929.3,-2666.3799999999965,3694.15,110.85,1115.2,3128.0,10.43,18000.4,1.5486,6830.3,11265.39,2105.2,26687.64,2051.32,7384.27,9298.47,8124.45
2015-06-11,3752.05,3778.95,3691.35,3710.9,3701.4,226654.0,8460.53,-2681.9749999999963,3691.35,110.85,1105.2,3094.0,10.53,18039.37,1.5564,6846.7,11332.78,2108.86,26907.85,2056.61,7503.72,9302.46,7965.35
2015-06-15,3737.5,3789.9,3731.0,3765.15,3767.4,175936.0,6625.55,-2682.194999999996,3731.0,110.05,1088.6,3207.0,10.47,17791.17,1.5486,6710.5,10984.97,2084.43,26861.81,2042.32,7456.16,9259.45,8013.9
2015-06-16,3767.4,3810.55,3744.7,3810.0,3789.6,228783.0,8614.31,-2686.3374999999965,3744.7,108.35,1079.8,3234.0,10.62,17904.48,1.5486,6710.1,11044.01,2096.29,26566.7,2028.72,7505.48,9212.75,8047.3
2015-06-17,3805.0,3824.9,3793.0,3797.3,3808.75,291820.0,11114.09,-2725.279999999997,3793.0,107.75,1072.7,3228.0,10.54,17935.74,1.5486,6680.6,10978.01,2100.44,26753.79,2034.86,7536.31,9189.8,8091.55
2015-06-18,3813.0,3891.95,3812.0,3888.0,3861.1,232645.0,8946.76,-2733.4299999999967,3812.0,107.55,1082.8,3300.0,10.6,18115.84,1.5486,6707.9,11100.3,2121.24,26694.66,2041.88,7606.86,9218.34,8174.6
2015-06-22,3955.05,3994.9,3955.05,3980.0,3980.65,230791.0,9178.08,-2726.1149999999966,3955.05,105.75,1060.6,3290.0,10.59,18119.78,1.5564,6825.7,11460.5,2122.85,27080.85,2055.16,7609.14,9341.74,8353.1
2015-06-23,3982.0,4028.5,3955.3,4012.95,4017.15,330957.0,13247.7,-2731.9999999999964,3955.3,106.2,1067.5,3262.0,10.57,18144.07,1.5564,6834.9,11542.54,2124.2,27333.46,2081.2,7551.56,9391.11,8381.55
2015-06-25,3984.0,4043.7,3983.6,4040.2,4031.5,240888.0,9686.45,-2761.449999999997,3983.6,106.85,1084.4,3274.0,10.55,17890.36,1.5486,6807.8,11473.13,2102.31,27145.75,2085.06,7581.91,9476.3,8398.0
2015-06-26,4026.0,4077.4,4006.15,4063.0,4069.95,291925.0,11823.56,-2775.6624999999967,4006.15,107.2,1080.7,3328.0,10.47,17946.68,1.5486,6753.7,11492.43,2101.49,26663.87,2090.26,7622.05,9462.54,8381.1
2015-06-29,4020.0,4025.75,3961.1,3997.8,3993.3,344044.0,13725.45,-2777.884999999997,3961.1,106.15,1081.4,3336.0,10.48,17596.35,1.533,6620.5,11083.2,2057.64,25966.98,2060.49,7567.38,9236.07,8318.4
2015-06-30,3985.25,4060.0,3985.25,4017.2,4023.35,340789.0,13730.9,-2787.4824999999973,3985.25,107.65,1078.6,3275.0,10.53,17619.51,1.533,6521.0,10944.97,2063.11,26250.03,2074.2,7564.5,9322.99,8368.5
2015-07-07,3989.0,4003.8,3955.7,3973.0,3972.15,287981.0,11434.99,-2885.1124999999965,3955.7,106.05,1041.9,3257.0,10.72,17776.91,1.5244,6432.2,10676.78,2081.34,24975.31,2040.29,7442.65,9250.13,8510.8
2015-07-14,4049.7,4058.95,4020.15,4045.0,4050.65,251002.0,10150.95,-2878.8224999999957,4020.15,107.0,1028.0,3377.0,10.58,18053.58,1.5244,6753.8,11516.9,2108.95,25120.91,2059.23,7538.76,9041.73,8454.1
2015-07-15,4071.0,4179.95,4071.0,4151.55,4152.15,551469.0,22884.77,-2899.092499999995,4071.0,106.25,1028.5,3356.0,10.57,18050.17,1.5322,6753.8,11539.66,2107.4,25055.76,2072.91,7559.04,9054.17,8523.8
2015-07-16,4166.0,4190.0,4156.0,4175.75,4178.15,321651.0,13433.33,-2914.9449999999947,4156.0,106.95,1012.5,3352.0,10.58,18120.25,1.5244,6796.5,11716.76,2124.29,25162.78,2087.89,7617.13,9042.18,8608.05
2015-07-20,4208.0,4219.0,4161.1,4173.0,4176.05,207897.0,8696.01,-2933.0474999999947,4161.1,105.9,981.9,3353.0,10.49,18100.41,1.5166,6788.7,11735.72,2128.28,25404.81,2073.31,7541.17,8974.97,8603.45
2015-07-21,4176.95,4194.95,4141.45,4157.35,4152.85,146004.0,6084.46,-2976.4324999999953,4141.45,105.2,979.2,3336.0,10.56,17919.29,1.5088,6769.1,11604.8,2119.21,25536.43,2083.62,7627.96,9005.93,8529.45
2015-07-22,4139.8,4199.0,4134.0,4180.05,4191.15,305466.0,12792.63,-2985.524999999995,4134.0,103.45,979.3,3277.0,10.6,17851.04,1.501,6667.3,11520.67,2114.15,25282.62,2064.73,7635.62,8918.67,8633.5
2015-07-23,4198.9,4245.5,4193.05,4233.2,4234.05,229845.0,9725.9,-2976.902499999995,4193.05,103.4,982.8,3241.0,10.61,17731.92,1.501,6655.0,11512.11,2102.15,25398.85,2065.07,7653.22,8791.09,8589.8
2015-07-24,4237.95,4261.9,4205.4,4233.45,4234.2,226189.0,9581.86,-2985.1149999999952,4205.4,102.15,981.1,3181.0,10.66,17568.53,1.501,6579.8,11347.45,2079.65,25128.51,2045.96,7665.52,8767.83,8521.55
2015-07-27,4241.55,4241.55,4166.6,4184.0,4178.1,220316.0,9252.77,-2970.654999999995,4166.6,103.25,983.2,3193.0,10.67,17440.59,1.4931,6505.1,11056.4,2067.64,24351.96,2038.81,7547.44,8556.65,8361.0
2015-07-28,4207.9,4242.0,4151.6,4200.0,4196.95,940179.0,39477.89,-2979.3349999999946,4151.6,103.35,987.8,3204.0,10.67,17630.27,1.4931,6555.3,11173.91,2093.25,24503.94,2039.1,7479.03,8582.46,8337.0
2015-07-29,4224.9,4309.5,4171.2,4274.0,4273.7,819323.0,34770.54,-2958.8849999999948,4171.2,103.9,984.4,3217.0,10.71,17751.39,1.501,6631.0,11211.85,2108.57,24619.45,2037.62,7482.83,8563.45,8375.05
2015-07-30,4310.0,4318.0,4281.05,4288.85,4296.45,294361.0,12647.7,-2974.037499999995,4281.05,103.85,989.1,3221.0,10.65,17745.98,1.501,6668.9,11257.15,2108.63,24497.98,2019.03,7510.39,8651.46,8421.8
2015-07-31,4297.0,4359.0,4284.2,4332.0,4331.45,297226.0,12878.92,-2951.2149999999956,4284.2,104.7,983.5,3209.0,10.77,17689.86,1.501,6696.3,11308.99,2103.84,24636.28,2030.16,7550.0,8665.31,8532.85
2015-08-03,4380.0,4439.0,4380.0,4434.0,4427.05,341893.0,15116.53,-2973.1699999999955,4380.0,102.9,961.1,3166.0,10.75,17598.2,1.5002,6688.6,11443.72,2098.04,24411.42,2008.49,7573.26,8524.38,8543.05
2015-08-04,4449.0,4453.95,4411.45,4439.65,4438.8,313075.0,13879.55,-2968.202499999996,4411.45,102.55,953.9,3165.0,10.75,17550.69,1.5002,6686.6,11456.07,2093.32,24406.12,2027.99,7598.29,8510.83,8516.9
2015-08-05,4457.0,4484.0,4422.25,4469.4,4471.65,198485.0,8854.66,-2994.3349999999955,4422.25,102.35,949.8,3120.0,10.71,17540.47,1.4923,6752.4,11636.3,2099.84,24514.16,2029.76,7662.55,8542.24,8567.95
2015-08-06,4461.0,4478.35,4430.05,4454.0,4452.1,184121.0,8201.12,-2989.8574999999955,4430.05,100.9,951.4,3057.0,10.69,17419.75,1.4923,6747.1,11585.1,2083.56,24375.28,2013.29,7589.95,8449.53,8588.65
2015-08-07,4450.7,4468.2,4430.1,4457.0,4452.95,144268.0,6415.76,-3015.784999999996,4430.1,100.55,962.4,3107.0,10.74,17373.38,1.4845,6718.5,11490.83,2077.57,24552.47,2010.23,7532.52,8442.26,8564.6
2015-08-10,4470.0,4507.95,4446.0,4500.0,4497.15,241899.0,10869.76,-3064.6299999999956,4446.0,100.35,985.8,3095.0,10.69,17615.17,1.4845,6736.2,11604.78,2104.18,24521.12,2003.17,7534.35,8466.81,8525.6
2015-08-11,4510.0,4534.0,4465.05,4507.95,4504.3,216773.0,9776.04,-3087.3124999999964,4465.05,101.85,987.3,3082.0,10.75,17402.84,1.4766,6664.5,11293.65,2084.07,24498.21,1986.65,7570.45,8394.11,8462.35
2015-08-12,4490.0,4511.4,4416.0,4444.0,4447.4,221776.0,9882.18,-3020.574999999996,4416.0,101.15,1001.8,3035.0,10.79,17402.51,1.4688,6571.2,10924.61,2086.05,23916.02,1975.47,7495.43,8283.35,8349.45
2015-08-13,4477.0,4522.7,4430.15,4522.25,4492.85,261773.0,11682.47,-3036.3099999999968,4430.15,102.3,992.6,3042.0,10.76,17408.25,1.4688,6568.3,11014.63,2083.39,24018.8,1983.46,7439.8,8311.71,8355.85
2015-08-17,4584.95,4587.0,4535.5,4549.95,4549.8,157066.0,7162.09,-2991.5224999999973,4535.5,101.5,999.8,3032.0,10.76,17545.18,1.4688,6550.3,10940.33,2102.44,23814.65,1968.52,7336.84,8213.39,8477.3
2015-08-18,4555.0,4648.0,4536.0,4647.9,4634.0,172443.0,7921.0,-3023.929999999996,4536.0,101.25,995.4,3085.0,10.76,17511.34,1.4609,6526.3,10915.92,2096.92,23474.97,1956.26,7333.45,8177.19,8466.55
2015-08-19,4627.0,4687.0,4605.7,4670.0,4671.85,255128.0,11858.16,-3047.964999999997,4605.7,100.75,1015.0,3120.0,10.68,17348.73,1.4609,6403.5,10682.15,2079.61,23167.85,1939.38,7344.73,8021.81,8495.15
2015-08-20,4630.0,4692.4,4601.25,4655.0,4634.15,279387.0,12986.36,-3048.819999999997,4601.25,100.5,1033.2,3142.0,10.7,16990.69,1.4531,6367.9,10432.19,2035.73,22757.47,1914.55,7278.98,8029.78,8372.75
2015-08-24,4350.0,4452.55,4207.55,4232.0,4241.8,930804.0,40328.65,-3059.6624999999967,4207.55,101.45,991.7,3087.0,10.56,15871.35,1.4295,5898.9,9648.43,1893.21,21251.57,1829.81,6791.01,7410.31,7809.0
2015-08-25,4299.0,4369.0,4062.1,4199.05,4199.0,915511.0,38327.36,-3059.7649999999967,4062.1,101.1,977.0,3113.0,10.59,15666.44,1.4373,6081.3,10128.12,1867.61,21404.96,1846.63,6830.34,7675.61,7880.7
2015-08-26,4197.0,4256.4,4111.4,4206.0,4207.05,612412.0,25765.66,-3057.432499999997,4111.4,101.95,983.9,3097.0,10.61,16285.51,1.4373,5979.2,9997.43,1940.51,21080.39,1894.09,6867.92,7715.56,7791.85
2015-08-27,4255.0,4272.9,4186.0,4199.9,4203.75,795947.0,33502.91,-3052.797499999998,4186.0,100.3,1000.7,3112.0,10.52,16654.77,1.4452,6192.0,10315.62,1987.66,21838.54,1908.0,7022.09,7824.52,7948.95
2015-08-28,4250.0,4292.0,4175.0,4208.15,4205.85,372560.0,15761.04,-3029.1174999999985,4175.0,101.6,1018.0,3115.0,10.64,16643.01,1.4531,6247.9,10298.53,1988.87,21612.39,1937.67,7098.81,8019.15,8001.95
2015-09-01,4170.0,4199.45,4046.2,4053.2,4061.45,605386.0,24886.36,-2939.8074999999976,4046.2,107.15,1003.4,3145.0,10.58,16058.35,1.4523,6058.5,10015.57,1913.85,21185.43,1914.23,7086.86,8017.53,7785.85
2015-09-02,4083.0,4089.95,4010.0,4031.1,4030.0,392078.0,15847.99,-2917.724999999998,4010.0,106.55,1016.5,3117.0,10.61,16351.38,1.4523,6083.3,10048.05,1948.86,20934.94,1915.22,7072.46,8035.26,7717.0
2015-09-11,4329.0,4360.0,4308.6,4316.45,4317.75,281728.0,12188.38,-2992.2524999999982,4308.6,108.5,971.6,3248.0,10.57,16433.09,1.4602,6117.8,10123.56,1961.05,21504.37,1941.37,6911.38,8305.79,7789.3
2015-09-14,4330.0,4347.0,4285.0,4310.3,4319.5,207396.0,8964.65,-2980.737499999998,4285.0,108.65,954.7,3280.0,10.52,16370.96,1.4602,6084.6,10131.74,1953.03,21561.9,1931.46,7069.18,8307.26,7872.25
2015-09-15,4375.5,4419.1,4320.0,4325.0,4337.2,734807.0,32120.15,-3010.7474999999977,4320.0,106.95,962.7,3238.0,10.52,16599.85,1.4602,6137.6,10188.13,1978.09,21455.23,1937.56,7089.01,8259.96,7829.1
2015-09-16,4377.0,4377.0,4330.1,4357.5,4355.6,418079.0,18218.53,-2994.9349999999977,4330.1,107.2,972.5,3267.0,10.55,16739.95,1.4523,6229.2,10227.21,1995.31,21966.66,1975.45,7093.92,8333.26,7899.15
2015-09-18,4379.3,4478.3,4355.6,4406.15,4400.85,621252.0,27503.96,-2935.5199999999977,4355.6,107.75,981.8,3311.0,10.62,16384.58,1.4444,6104.1,9916.16,1958.03,21920.83,1995.95,7131.91,8462.11,7981.9
2015-09-21,4397.95,4509.0,4387.1,4508.0,4490.25,642858.0,28654.91,-2931.664999999998,4387.1,106.55,971.8,3311.0,10.59,16510.19,1.4444,6108.7,9948.51,1966.97,21756.93,1964.68,7092.41,8307.01,7977.1
2015-09-22,4508.0,4519.9,4440.5,4443.0,4473.05,924289.0,41492.41,-2949.4274999999984,4440.5,106.05,936.9,3312.0,10.64,16330.47,1.4365,5935.8,9570.66,1942.74,21796.58,1982.06,7051.23,8365.89,7812.0
2015-09-23,4459.0,4523.0,4413.25,4505.0,4497.65,880695.0,39420.79,-2964.3599999999974,4413.25,104.35,932.8,3315.0,10.7,16279.89,1.4365,6032.2,9612.62,1938.76,21302.91,1944.64,6926.91,8193.39,7845.95
2015-09-24,4499.5,4604.0,4484.75,4575.0,4566.65,1098076.0,50122.57,-2899.339999999997,4484.75,104.05,955.4,3293.0,10.68,16201.32,1.4207,5961.5,9427.64,1932.24,21095.98,1947.1,6917.55,8123.07,7868.5
2015-09-30,4710.0,4763.45,4657.55,4670.0,4685.6,835777.0,39356.36,-2989.557499999997,4657.55,102.45,908.5,3114.0,10.66,16284.7,1.397,6061.6,9660.44,1920.03,20846.3,1962.81,6893.98,8181.21,7948.9
2015-10-05,4570.0,4570.0,4389.0,4422.0,4414.05,1949365.0,86837.35,-3108.354999999998,4389.0,100.7,911.4,3092.0,10.68,16776.43,1.3962,6298.9,9814.79,1987.05,21854.5,1978.25,6961.93,8352.33,8119.3
2015-10-06,4449.0,4449.0,4338.05,4364.95,4354.0,1159174.0,50689.04,-3094.0924999999984,4338.05,100.5,935.1,3092.0,10.69,16790.19,1.4042,6326.2,9902.83,1979.92,21831.62,1990.65,7055.49,8394.07,8152.9
2015-10-07,4352.25,4437.9,4345.05,4370.45,4364.5,801302.0,35211.74,-3109.152499999998,4345.05,101.25,945.5,3079.0,10.74,16912.29,1.42,6336.4,9970.4,1995.83,22515.76,2005.84,7108.8,8495.2,8177.4
2015-10-08,4380.0,4407.0,4332.2,4360.0,4353.75,726218.0,31737.82,-3121.9099999999976,4332.2,99.95,951.3,3060.0,10.74,17050.75,1.42,6374.8,9993.07,2013.43,22354.91,2019.53,7106.79,8445.93,8129.35
2015-10-12,4310.9,4322.65,4216.5,4229.0,4231.85,837794.0,35708.54,-3056.4474999999984,4216.5,101.55,992.8,3074.0,10.79,17131.86,1.4359,6371.2,10119.83,2017.46,22730.93,2021.63,7150.29,8573.69,8143.6
2015-10-13,4231.0,4288.0,4229.15,4269.0,4273.85,605082.0,25782.01,-3055.067499999999,4229.15,102.0,989.7,3125.0,10.84,17081.89,1.4359,6342.3,10032.82,2003.69,22600.46,2019.05,7013.44,8567.89,8131.7
2015-10-14,4270.9,4295.6,4242.0,4244.0,4249.75,656029.0,27970.92,-3033.967499999999,4242.0,101.45,998.3,3109.0,10.85,16924.75,1.4359,6269.6,9915.85,1994.24,22439.91,2009.55,6924.77,8522.48,8107.9
2015-10-15,4269.9,4389.15,4261.0,4381.05,4377.4,982419.0,42645.55,-3036.8624999999984,4261.0,100.25,998.8,3104.0,10.83,17141.75,1.4359,6338.7,10064.8,2023.86,22888.17,2033.27,7045.4,8601.49,8179.5
2015-10-16,4410.0,4461.0,4381.05,4447.0,4450.25,929525.0,41158.44,-2999.0149999999985,4381.05,99.7,1021.0,3119.0,10.87,17215.97,1.4438,6378.0,10104.43,2033.11,23067.37,2030.26,7055.74,8604.92,8238.15
2015-10-19,4465.0,4478.0,4408.1,4457.0,4458.95,594941.0,26462.44,-3004.182499999998,4408.1,98.4,1013.4,3169.0,10.86,17230.54,1.4438,6352.3,10164.31,2033.66,23075.61,2030.27,7054.86,8631.47,8275.05
2015-10-20,4467.9,4516.7,4441.65,4505.0,4508.75,675597.0,30311.73,-3023.5274999999983,4441.65,98.15,1020.5,3202.0,10.85,17217.11,1.4438,6345.1,10147.68,2030.77,22989.22,2039.36,7060.85,8653.57,8261.65
2015-10-23,4500.8,4508.0,4371.1,4383.0,4380.9,621558.0,27421.26,-3030.642499999997,4371.1,95.4,1015.2,3125.0,10.91,17646.7,1.4438,6444.1,10794.54,2075.15,23151.94,2040.4,7236.38,8673.78,8295.45
2015-10-26,4400.0,4452.0,4375.8,4393.9,4385.15,535165.0,23663.64,-3025.017499999997,4375.8,93.85,1001.1,3174.0,10.9,17623.05,1.4438,6417.0,10801.34,2071.18,23116.25,2048.08,7324.4,8745.33,8260.55
2015-10-27,4409.0,4518.0,4376.6,4517.0,4497.0,1290318.0,57385.09,-3010.884999999998,4376.6,94.3,987.5,3197.0,10.92,17581.43,1.4438,6365.3,10692.19,2065.89,23142.73,2044.65,7325.76,8701.29,8232.9
2015-10-28,4530.0,4559.0,4472.0,4489.95,4495.2,989227.0,44671.76,-3008.8324999999973,4472.0,94.6,1001.0,3219.0,10.88,17779.52,1.4438,6437.8,10831.96,2090.35,22956.57,2042.51,7289.26,8665.96,8171.2
2015-10-29,4501.5,4512.55,4419.25,4446.0,4439.55,907407.0,40383.43,-2991.1949999999974,4419.25,94.5,993.1,3215.0,10.87,17755.8,1.4438,6395.8,10800.84,2089.41,22819.94,2034.16,7189.25,8571.05,8111.75
2015-10-30,4446.0,4467.9,4400.1,4462.0,4449.0,738321.0,32709.44,-2979.3649999999975,4400.1,96.2,986.5,3259.0,10.9,17663.54,1.4359,6361.1,10850.14,2079.36,22640.04,2029.47,7134.26,8554.28,8065.8
2015-11-03,4519.9,4521.2,4465.05,4467.0,4482.55,320901.0,14398.02,-2962.2099999999973,4465.05,98.05,963.9,3297.0,10.87,17918.15,1.4431,6383.6,10951.15,2109.79,22568.43,2048.4,7210.73,8713.16,8060.7
2015-11-04,4487.75,4536.55,4455.1,4521.35,4520.55,660804.0,29788.45,-2867.837499999997,4455.1,97.7,955.4,3235.0,10.85,17867.58,1.4431,6412.9,10845.24,2102.31,23053.57,2052.77,7201.02,8856.99,8040.2
2015-11-05,4518.95,4555.0,4496.4,4518.0,4526.6,406256.0,18421.64,-2875.9424999999974,4496.4,99.3,951.6,3263.0,10.85,17863.43,1.4431,6364.9,10887.74,2099.93,23051.04,2049.41,7122.45,8850.15,7955.45
2015-11-06,4532.95,4535.35,4481.05,4533.95,4522.8,361975.0,16342.47,-2915.5449999999973,4481.05,100.95,942.5,3237.0,10.84,17910.33,1.4351,6353.8,10988.03,2099.2,22867.33,2041.07,7118.2,8693.54,7954.3
2015-11-09,4440.0,4639.0,4440.0,4627.0,4628.2,729714.0,33530.92,-2933.137499999997,4440.0,100.35,914.1,3209.0,10.75,17730.48,1.4271,6295.2,10815.45,2078.58,22726.77,2025.7,7070.19,8642.45,7915.2
2015-11-10,4649.5,4729.95,4629.75,4715.15,4712.7,909977.0,42668.09,-2959.0799999999967,4629.75,99.75,901.2,3268.0,10.8,17758.21,1.4271,6275.3,10832.52,2081.72,22401.7,1996.59,7000.11,8536.87,7783.35
2015-11-13,4734.45,4737.25,4602.4,4620.0,4619.8,983107.0,45881.31,-2962.027499999997,4602.4,98.45,861.4,3346.0,10.89,17245.24,1.4112,6118.3,10708.4,2023.04,22396.14,1973.29,6897.77,8329.47,7762.25
2015-11-16,4600.0,4664.0,4572.9,4659.6,4646.9,644299.0,29805.54,-2975.5024999999964,4572.9,96.6,867.9,3369.0,10.88,17483.01,1.4112,6146.4,10713.23,2053.19,22010.82,1943.02,6772.92,8295.37,7806.6
2015-11-17,4645.4,4676.15,4618.0,4634.95,4632.25,638262.0,29664.87,-2976.602499999997,4618.0,96.95,855.8,3354.0,10.95,17489.5,1.4112,6268.8,10971.04,2050.44,22264.25,1963.58,6825.38,8419.39,7837.55
2015-11-20,4666.0,4766.0,4631.0,4735.0,4737.9,917455.0,43329.99,-3037.4074999999966,4631.0,95.55,855.7,3366.0,10.97,17823.81,1.4032,6334.6,11119.83,2089.17,22754.72,1989.86,6932.81,8465.42,7856.55
2015-11-23,4730.0,4790.0,4702.35,4737.9,4736.25,1034126.0,49040.83,-3059.8749999999973,4702.35,95.0,846.2,3304.0,11.05,17792.68,1.3952,6305.5,11092.31,2086.59,22665.9,2003.7,6996.19,8485.7,7849.25
2015-11-24,4724.05,4724.05,4621.0,4634.0,4639.9,1287988.0,59947.24,-3072.6124999999965,4621.0,95.8,843.8,3329.0,11.04,17812.19,1.3952,6277.2,10933.99,2089.14,22587.63,2016.29,6992.6,8400.11,7831.6
2015-12-01,4609.0,4616.0,4531.35,4545.0,4556.2,1506622.0,68832.43,-3140.509999999997,4531.35,98.9,839.6,3328.0,11.11,17888.35,1.4024,6395.7,11261.24,2102.63,22381.35,2023.93,7060.6,8463.27,7954.9
2015-12-02,4600.0,4627.35,4556.2,4619.0,4618.8,1123497.0,51612.73,-3140.862499999997,4556.2,99.25,832.0,3312.0,11.13,17729.68,1.4024,6420.9,11190.02,2079.51,22479.69,2009.29,7047.08,8457.37,7931.35
2015-12-04,4610.0,4634.0,4579.15,4603.0,4600.35,581041.0,26731.37,-3126.4774999999972,4579.15,101.45,880.3,3369.0,11.13,17847.63,1.3944,6238.3,10752.1,2091.69,22235.89,1974.4,6921.93,8398.57,7781.9
2015-12-07,4622.0,4640.0,4558.0,4559.95,4564.2,493623.0,22662.85,-3128.3574999999964,4558.0,99.35,856.6,3410.0,11.1,17730.51,1.3864,6223.5,10886.09,2077.07,22203.22,1963.67,6911.86,8454.24,7765.4
2015-12-08,4540.0,4579.8,4520.0,4544.0,4542.55,577670.0,26247.92,-3112.0449999999964,4520.0,98.7,848.5,3309.0,11.09,17568.0,1.3703,6135.2,10673.6,2063.59,21905.13,1949.04,6838.42,8343.83,7701.7
2015-12-09,4538.8,4542.0,4470.0,4473.55,4479.1,607147.0,27312.65,-3104.5899999999974,4470.0,99.95,858.2,3369.0,11.07,17492.3,1.3703,6126.7,10592.49,2047.62,21803.76,1948.24,6848.25,8229.59,7612.5
2015-12-10,4495.0,4519.8,4406.05,4517.45,4498.1,506406.0,22558.6,-3051.209999999998,4406.05,99.65,855.3,3344.0,10.97,17574.75,1.3703,6088.1,10598.93,2052.23,21704.61,1952.07,6820.6,8216.14,7683.3
2015-12-11,4519.75,4528.0,4412.0,4497.0,4480.75,532721.0,23876.61,-3037.909999999998,4412.0,99.95,841.4,3348.0,10.96,17265.21,1.3543,5952.8,10340.06,2012.37,21464.05,1948.62,6735.01,8115.86,7610.45
2015-12-14,4478.9,4590.0,4471.5,4590.0,4576.8,484617.0,22035.76,-2956.409999999997,4471.5,100.3,848.6,3369.0,10.9,17368.5,1.3303,5874.1,10139.34,2021.94,21309.85,1927.82,6745.99,8040.13,7650.05
2015-12-15,4605.0,4634.0,4563.1,4630.85,4620.0,581111.0,26728.31,-2955.064999999998,4563.1,98.55,855.8,3338.0,10.88,17524.91,1.3463,6017.8,10450.38,2043.41,21274.37,1932.97,6701.35,8073.32,7700.9
2015-12-16,4655.0,4657.15,4604.0,4612.65,4619.4,357572.0,16539.9,-2935.872499999998,4604.0,99.55,874.3,3291.0,11.02,17749.09,1.3463,6061.2,10469.26,2073.07,21701.21,1969.4,6807.72,8184.63,7750.9
2015-12-17,4650.0,4679.0,4573.85,4671.0,4666.75,443534.0,20498.37,-2942.5474999999974,4573.85,98.5,844.5,3253.0,11.08,17495.84,1.3463,6102.5,10738.12,2041.89,21872.06,1977.96,6905.7,8319.64,7844.35
2015-12-18,4684.7,4702.0,4611.5,4617.0,4620.45,682206.0,31726.08,-2944.7024999999976,4611.5,99.6,859.3,3252.0,11.25,17128.55,1.3303,6052.4,10608.19,2005.55,21755.56,1975.32,6867.07,8257.29,7761.95
2015-12-21,4626.9,4660.0,4616.25,4635.0,4639.1,274072.0,12710.89,-2939.762499999998,4616.25,100.45,873.9,3239.0,11.24,17251.62,1.3303,6034.8,10497.77,2021.15,21791.68,1981.19,6910.34,8282.14,7834.45
2015-12-22,4630.0,4644.95,4602.05,4620.9,4617.2,207127.0,9568.61,-2952.8099999999977,4602.05,99.7,872.8,3197.0,11.23,17417.27,1.3303,6083.1,10488.75,2038.97,21830.02,1992.56,6966.18,8292.71,7786.1
2015-12-23,4635.0,4656.0,4620.0,4633.0,4634.95,227939.0,10569.5,-2952.562499999998,4620.0,101.5,869.6,3260.0,11.27,17602.61,1.3383,6241.0,10727.64,2064.29,22040.59,1999.22,7002.42,8315.67,7865.95
2015-12-29,4641.95,4655.9,4612.8,4635.8,4636.9,253128.0,11730.48,-2953.452499999997,4612.8,100.7,888.0,3211.0,11.27,17720.98,1.3463,6314.6,10860.14,2078.36,21999.62,1966.31,6952.08,8293.88,7928.95
2016-01-05,4599.95,4600.75,4557.25,4570.8,4566.95,509285.0,23306.79,-2937.3349999999964,4557.25,98.3,887.3,3059.0,11.46,17158.66,1.3455,6137.2,10310.1,2016.71,21188.72,1930.53,6835.13,8075.08,7784.65
2016-01-06,4592.0,4593.0,4468.0,4481.25,4480.8,593742.0,26893.9,-2993.1474999999964,4468.0,99.25,876.6,2981.0,11.57,16906.51,1.3455,6073.4,10214.02,1990.26,20980.81,1925.43,6813.9,7990.36,7741.0
2016-01-07,4449.7,4449.7,4251.85,4290.0,4267.9,1200069.0,51609.18,-2982.587499999995,4251.85,98.5,875.2,2963.0,11.55,16514.1,1.3375,5954.1,9979.85,1943.09,20333.34,1904.33,6618.88,7852.03,7568.3
2016-01-08,4286.3,4325.0,4195.8,4223.8,4214.75,994652.0,42186.59,-2966.2199999999957,4195.8,100.15,880.9,3017.0,11.65,16346.45,1.3375,5912.4,9849.34,1922.03,20453.71,1917.62,6575.43,7893.94,7601.35
2016-01-11,4190.0,4300.0,4117.0,4292.0,4272.4,865799.0,36787.76,-2955.8024999999952,4117.0,98.35,843.3,2902.0,11.53,16398.57,1.3375,5871.8,9825.07,1923.67,19888.5,1894.84,6288.26,7788.39,7563.85
2016-01-12,4310.0,4324.8,4260.0,4269.0,4266.7,481142.0,20617.5,-2998.947499999995,4260.0,97.75,838.1,2860.0,11.51,16516.22,1.3294,5929.2,9985.43,1938.68,19711.76,1890.86,6330.55,7768.42,7510.3
2016-01-13,4298.0,4310.0,4221.35,4285.0,4291.25,431206.0,18438.25,-2982.509999999995,4221.35,98.15,849.7,2892.0,11.49,16151.41,1.3214,5961.0,9960.96,1890.28,19934.88,1916.28,6494.13,7824.58,7562.4
2016-01-14,4239.0,4289.0,4212.7,4255.9,4248.25,402026.0,17069.76,-2993.8024999999952,4212.7,100.7,831.6,2857.0,11.38,16379.05,1.3133,5918.2,9794.2,1921.84,19817.41,1900.01,6408.76,7742.85,7536.8
2016-01-15,4265.0,4340.0,4254.0,4263.45,4273.35,592183.0,25451.84,-2974.132499999995,4254.0,100.45,824.7,2905.0,11.38,15988.08,1.2972,5804.1,9545.27,1880.33,19520.77,1878.87,6449.5,7761.98,7437.8
2016-01-20,4169.85,4189.95,4028.5,4055.0,4058.95,679992.0,27897.77,-2900.0599999999945,4028.5,100.15,820.4,2810.0,11.17,15766.74,1.273,5673.6,9391.64,1859.33,18886.3,1845.45,6259.61,7699.09,7309.3
2016-01-21,4084.95,4084.95,3870.0,3901.0,3891.7,1212801.0,47772.13,-2862.897499999995,3870.0,101.05,812.2,2855.0,11.27,15882.68,1.2811,5773.8,9574.16,1868.99,18542.15,1840.53,6084.28,7663.98,7276.8
2016-01-22,3942.95,4119.9,3930.15,4092.3,4104.95,1063413.0,42881.33,-2834.2749999999946,3930.15,100.75,831.6,2872.0,11.3,16093.51,1.2972,5900.0,9764.88,1906.9,19080.51,1879.43,6208.05,7756.15,7422.45
2016-01-25,4125.95,4172.0,4073.9,4082.0,4081.35,608634.0,25063.09,-2806.3424999999957,4073.9,100.5,863.3,2819.0,11.27,15885.22,1.2972,5877.0,9736.15,1877.08,19340.14,1893.43,6434.08,7894.12,7436.15
2016-01-28,4080.0,4139.9,4031.0,4109.0,4103.3,1677354.0,68557.11,-2749.4499999999953,4031.0,103.35,865.0,2791.0,11.37,16069.64,1.3053,5931.8,9639.59,1893.36,19195.83,1906.94,6563.38,7905.07,7424.65
2016-01-29,3925.0,4124.0,3923.0,4111.95,4095.85,2147231.0,86482.58,-2734.044999999996,3923.0,103.85,866.5,2761.0,11.43,16466.3,1.3053,6083.8,9798.11,1940.24,19683.11,1912.06,6687.62,8080.57,7563.55
2016-02-01,4100.9,4119.0,3933.65,3951.15,3948.25,1904034.0,76045.67,-2699.532499999996,3933.65,104.2,872.5,2868.0,11.48,16449.18,1.3044,6060.1,9757.88,1939.38,19595.5,1924.82,6701.36,8156.93,7555.95
2016-02-02,3952.6,3985.0,3851.55,3866.0,3874.95,902619.0,35498.66,-2657.1474999999964,3851.55,102.9,854.9,2761.0,11.53,16153.54,1.2963,5922.0,9581.04,1903.03,19446.84,1906.6,6642.45,8131.21,7455.55
2016-02-03,3870.0,3870.0,3784.65,3835.0,3828.35,1101308.0,42149.24,-2620.217499999997,3784.65,104.05,880.5,2837.0,11.61,16336.66,1.2963,5837.1,9434.82,1912.53,18991.59,1890.67,6521.48,8062.97,7361.8
2016-02-17,3679.9,3755.0,3661.5,3751.0,3749.15,652019.0,24160.94,-2329.5774999999967,3661.5,104.7,940.9,2878.0,11.63,16453.83,1.2801,6030.3,9377.21,1926.82,18924.57,1883.94,6756.82,8214.23,7108.45
2016-02-18,3781.25,3796.85,3622.1,3646.0,3653.25,1243826.0,45975.28,-2347.792499999997,3622.1,105.25,942.3,2886.0,11.73,16413.43,1.2882,5972.0,9463.64,1917.83,19363.08,1908.84,6848.87,8314.65,7191.75
2016-02-19,3640.0,3640.0,3559.0,3560.0,3579.15,718677.0,25799.2,-2332.1649999999963,3559.0,107.65,943.6,2836.0,11.75,16391.99,1.2801,5950.2,9388.05,1917.78,19285.5,1916.24,6792.06,8325.02,7210.75
2016-02-22,3539.0,3545.0,3491.55,3524.3,3520.8,1291463.0,45468.72,-2366.607499999997,3491.55,108.9,927.5,2855.0,11.73,16620.66,1.2882,6037.7,9573.59,1945.5,19464.09,1916.36,6783.08,8326.66,7234.55
2016-02-23,3530.0,3568.45,3480.0,3488.0,3487.4,796836.0,28078.51,-2336.909999999996,3480.0,107.0,942.2,2872.0,11.75,16431.78,1.2882,5962.3,9416.77,1921.27,19414.78,1914.22,6819.34,8334.62,7109.55
2016-02-24,3499.95,3530.0,3480.0,3492.0,3489.7,605914.0,21243.08,-2342.047499999996,3480.0,108.65,950.8,2925.0,11.77,16484.99,1.2801,5867.2,9167.8,1929.8,19192.45,1912.53,6769.26,8282.84,7018.7
2016-02-26,3452.0,3459.1,3375.1,3420.5,3409.2,831491.0,28306.11,-2249.1074999999955,3375.1,108.35,914.5,2882.0,11.71,16639.97,1.2963,6096.0,9513.3,1948.05,19364.15,1920.16,6771.3,8411.14,7029.75
2016-03-15,3670.0,3679.9,3615.5,3656.05,3654.55,688839.0,25169.42,-2072.022499999994,3615.5,102.25,959.3,3053.0,11.86,17251.53,1.3607,6140.0,9933.85,2015.93,20288.77,1969.97,7148.26,8611.16,7460.6
2016-03-16,3650.0,3675.0,3637.5,3672.55,3667.35,459188.0,16797.56,-2108.8299999999945,3637.5,101.55,958.2,3040.0,11.87,17325.76,1.3525,6175.5,9983.41,2027.22,20257.7,1974.9,7065.39,8699.12,7498.75
2016-03-17,3686.35,3750.0,3620.0,3627.2,3635.45,710449.0,26311.54,-2103.144999999995,3620.0,101.3,988.6,3116.0,11.87,17481.49,1.3607,6201.1,9892.2,2040.59,20503.81,1987.99,7210.9,8734.52,7512.55
2016-03-18,3640.0,3649.7,3557.05,3622.95,3621.4,1073782.0,38643.9,-2095.6524999999947,3557.05,100.05,970.0,3118.0,11.84,17602.3,1.3688,6189.6,9950.8,2049.58,20671.63,1992.12,7306.74,8810.69,7604.35
2016-03-21,3630.1,3678.8,3605.0,3669.05,3669.55,474712.0,17305.59,-2100.172499999995,3605.0,99.9,981.3,3072.0,11.84,17623.87,1.377,6184.6,9948.64,2051.6,20684.15,1989.76,7376.41,8812.68,7704.25
2016-03-22,3669.0,3735.95,3652.0,3690.0,3699.55,713115.0,26389.35,-2137.459999999995,3652.0,99.25,996.3,3035.0,11.84,17582.57,1.377,6192.7,9990.0,2049.8,20666.75,1996.81,7342.03,8785.66,7714.9
2016-03-23,3711.85,3744.0,3666.45,3723.1,3736.0,586282.0,21807.83,-2149.8899999999953,3666.45,98.4,960.3,2963.0,11.88,17502.59,1.3688,6199.1,10022.93,2036.71,20615.23,1995.12,7360.05,8766.07,7716.5
2016-03-29,3649.0,3769.0,3645.0,3725.0,3729.95,686482.0,25538.08,-2117.8924999999954,3645.0,98.8,964.7,2970.0,11.87,17633.11,1.3525,6105.9,9887.94,2055.01,20366.3,1994.91,7274.4,8617.33,7597.0
2016-03-30,3745.0,3749.9,3684.0,3725.0,3727.45,872340.0,32386.34,-2053.8049999999953,3684.0,98.5,964.0,2974.0,11.85,17716.66,1.3607,6203.2,10046.61,2063.95,20803.39,2002.14,7299.23,8737.02,7735.2
2016-03-31,3739.5,3748.75,3664.0,3710.25,3716.3,1223191.0,45351.83,-2077.7949999999955,3664.0,100.95,976.6,2950.0,11.88,17685.09,1.3607,6174.9,9965.51,2059.74,20776.7,1995.85,7262.3,8744.81,7738.4
2016-04-01,3700.45,3764.95,3682.0,3720.0,3723.2,769731.0,28644.75,-2091.2349999999956,3682.0,102.3,956.8,2881.0,11.91,17792.75,1.368,6146.1,9794.64,2072.78,20498.92,1973.57,7245.13,8657.53,7713.05
2016-04-06,3568.0,3607.3,3546.0,3566.0,3573.05,664480.0,23758.66,-2090.072499999996,3546.0,100.55,944.5,2900.0,12.15,17716.05,1.368,6161.6,9624.51,2066.66,20206.67,1971.32,7180.55,8513.28,7614.35
2016-04-07,3556.5,3556.5,3450.0,3468.0,3471.0,1221608.0,42431.02,-2099.189999999997,3450.0,99.9,954.5,2850.0,12.19,17541.96,1.368,6136.9,9530.62,2041.91,20266.05,1973.89,7232.97,8490.23,7546.45
2016-04-08,3460.0,3474.0,3418.5,3437.05,3430.65,1631533.0,56136.64,-2091.9024999999965,3418.5,101.1,966.0,2872.0,12.22,17576.96,1.368,6204.4,9622.26,2047.6,20370.4,1972.05,7247.2,8541.48,7555.2
2016-04-11,3437.0,3488.0,3423.0,3480.0,3478.65,970375.0,33584.67,-2092.2249999999967,3423.0,99.7,991.8,2906.0,12.24,17556.41,1.3762,6200.1,9682.99,2041.99,20440.81,1970.37,7291.43,8562.57,7671.4
2016-04-12,3470.2,3609.85,3465.05,3564.5,3573.7,1404427.0,50000.34,-2088.8499999999967,3465.05,101.8,1002.6,2932.0,12.31,17721.25,1.3762,6242.4,9761.47,2061.72,20504.44,1981.32,7306.56,8531.16,7708.95
2016-04-18,3720.8,3750.0,3680.0,3712.8,3718.95,999621.0,37220.78,-2078.792499999997,3680.0,104.55,976.0,2995.0,12.26,18004.16,1.3926,6353.5,10120.31,2094.34,21161.5,2009.1,7243.4,8665.99,7914.7
2016-04-21,3695.0,3737.25,3674.0,3703.0,3705.3,1928958.0,71608.2,-2043.0199999999968,3674.0,108.35,1025.5,3061.0,12.35,17982.52,1.409,6381.4,10435.73,2091.48,21622.25,2022.1,7257.85,8568.63,7912.05
2016-04-22,3703.0,3833.0,3680.1,3815.2,3816.05,1165761.0,44103.87,-2030.4524999999974,3680.1,109.7,1010.0,3137.0,12.37,18003.75,1.409,6310.4,10373.49,2091.58,21467.04,2015.49,7255.39,8535.73,7899.3
2016-04-25,3806.1,3842.0,3715.15,3730.0,3727.95,838216.0,31515.41,-2033.372499999997,3715.15,109.9,1015.9,3113.0,12.27,17977.24,1.409,6260.9,10294.35,2087.79,21304.44,2014.55,7250.13,8560.26,7855.05
2016-04-26,3704.05,3894.0,3691.9,3858.0,3871.55,2782566.0,106201.37,-2084.522499999997,3691.9,109.1,1013.0,3181.0,12.25,17990.32,1.409,6284.5,10259.59,2091.7,21407.27,2019.63,7211.92,8581.55,7962.65
2016-04-27,3841.1,3932.75,3830.25,3848.0,3859.4,1388262.0,53918.27,-2090.6924999999965,3830.25,109.45,1024.1,3170.0,12.25,18041.55,1.4172,6319.9,10299.83,2095.15,21361.6,2015.4,7180.53,8563.03,7979.9
2016-04-28,3819.0,3854.0,3735.1,3749.0,3747.95,1821236.0,69189.74,-2108.342499999997,3735.1,110.4,1049.5,3157.0,12.23,17830.76,1.4254,6322.4,10321.15,2075.81,21388.03,2000.93,7162.56,8473.85,7847.25
2016-04-29,3742.0,3820.0,3725.0,3795.0,3794.65,962848.0,36348.07,-2111.5774999999967,3725.0,111.55,1077.6,3207.0,12.29,17773.64,1.4254,6241.9,10038.97,2065.3,21067.05,1994.15,7159.29,8377.88,7849.8
2016-05-03,3840.8,3879.0,3795.7,3814.0,3819.95,795697.0,30556.64,-2131.7799999999966,3795.7,108.75,1070.1,3178.0,12.27,17750.91,1.4164,6185.6,9926.77,2063.37,20676.94,1986.41,7046.57,8294.1,7747.0
2016-05-04,3800.0,3844.0,3796.05,3810.0,3811.55,557609.0,21309.03,-2106.347499999997,3796.05,108.7,1058.7,3159.0,12.31,17651.26,1.4164,6112.0,9828.25,2051.12,20525.83,1976.71,7081.86,8185.45,7706.55
2016-05-11,3800.0,3898.0,3790.0,3892.05,3890.05,679706.0,26301.61,-2126.764999999997,3790.0,104.1,1068.5,3045.0,12.47,17711.12,1.4164,6162.5,9975.32,2064.46,20055.29,1980.1,7396.52,8135.54,7848.85
2016-05-13,3856.0,3877.9,3828.0,3851.0,3846.25,435056.0,16755.06,-2210.2199999999975,3828.0,102.95,1054.5,2967.0,12.57,17535.32,1.4164,6138.5,9952.9,2046.61,19719.29,1966.99,7436.79,8053.67,7814.9
2016-05-20,3883.8,3959.0,3881.1,3941.9,3944.95,485214.0,19079.1,-2239.909999999997,3881.1,104.1,1022.5,2912.0,12.25,17500.94,1.4246,6156.3,9916.02,2052.32,19852.2,1947.67,7299.03,8131.24,7749.7
2016-05-23,3964.0,3968.3,3900.0,3904.0,3913.85,348354.0,13738.21,-2249.2049999999977,3900.0,104.6,1012.3,2959.0,12.32,17492.93,1.4246,6136.4,9842.29,2048.04,19809.03,1955.25,7306.69,8344.42,7731.05
2016-05-24,3913.8,3937.95,3893.15,3928.95,3924.2,283533.0,11110.68,-2272.9874999999975,3893.15,105.35,1003.7,2953.0,12.24,17706.05,1.4328,6219.3,10057.31,2076.06,19830.43,1937.68,7356.72,8300.64,7748.85
2016-05-25,3948.0,4072.0,3940.0,4064.0,4060.95,842663.0,33889.84,-2283.064999999997,3940.0,103.65,994.2,2924.0,12.29,17851.51,1.4411,6262.9,10205.21,2090.54,20368.05,1960.51,7463.95,8396.18,7934.9
2016-06-20,4076.55,4144.8,4065.7,4138.0,4133.2,667114.0,27479.51,-2569.254999999998,4065.7,109.9,988.1,3170.0,12.7,17804.87,1.4568,6204.0,9962.02,2083.25,20510.2,1981.12,7665.33,8625.91,8238.5
2016-06-21,4146.0,4168.1,4109.0,4145.0,4157.4,512383.0,21226.03,-2573.314999999998,4109.0,110.3,981.1,3195.0,12.7,17829.73,1.4568,6226.6,10015.54,2088.9,20668.44,1982.7,7767.23,8684.84,8219.9
2016-06-22,4145.0,4180.5,4125.05,4150.0,4151.35,417540.0,17371.18,-2577.834999999998,4125.05,109.6,977.3,3205.0,12.72,17780.83,1.4651,6261.2,10071.06,2085.45,20795.12,1992.58,7756.37,8716.24,8203.7
2016-06-23,4151.9,4175.0,4120.45,4165.8,4168.6,341093.0,14150.91,-2579.1649999999977,4120.45,110.0,967.6,3235.0,12.68,18011.07,1.4651,6338.1,10257.03,2113.32,20868.34,1986.71,7729.78,8676.67,8270.45
2016-06-24,4053.0,4092.1,3866.6,4084.0,4070.05,1559787.0,62723.77,-2575.3374999999974,3866.6,109.15,987.0,3070.0,12.71,17400.75,1.4485,6138.7,9557.16,2037.41,20259.13,1925.24,7629.72,8476.98,8088.6
2016-06-27,4061.0,4061.0,4004.1,4026.0,4025.1,836629.0,33709.39,-2569.754999999998,4004.1,107.9,981.0,3034.0,12.81,17140.24,1.4402,5982.2,9268.66,2000.54,20227.3,1926.85,7715.9,8458.86,8094.7
2016-06-28,4041.1,4081.95,4040.0,4076.45,4078.7,626447.0,25467.47,-2565.6099999999974,4040.0,109.75,980.5,3050.0,12.82,17409.72,1.4402,6140.4,9447.28,2036.09,20172.46,1936.22,7666.69,8505.5,8127.85
2016-06-29,4100.0,4141.0,4089.2,4122.75,4131.25,646945.0,26631.19,-2574.2049999999977,4089.2,109.75,1010.0,3078.0,12.84,17694.68,1.4568,6360.1,9612.27,2070.77,20436.12,1956.36,7798.53,8586.55,8204.0
2016-06-30,4179.9,4200.0,4145.55,4199.7,4187.2,770542.0,32122.57,-2574.232499999998,4145.55,110.55,1026.8,3004.0,12.88,17929.99,1.4651,6504.3,9680.09,2098.86,20794.37,1970.35,7796.25,8666.57,8287.75
2016-07-07,4181.1,4189.9,4125.0,4145.9,4141.1,325843.0,13509.22,-2618.379999999998,4125.0,110.45,1088.3,3149.0,12.99,17895.88,1.4809,6533.8,9418.78,2097.9,20706.92,1974.08,7753.46,8640.9,8337.9
2016-07-08,4142.0,4175.65,4126.0,4163.9,4161.8,261295.0,10868.33,-2672.2124999999983,4126.0,111.25,1085.0,3136.0,12.91,18146.74,1.4892,6590.6,9629.66,2129.9,20564.17,1963.1,7771.52,8640.9,8323.2
2016-07-11,4190.0,4285.9,4189.95,4265.15,4272.05,518428.0,22051.56,-2680.2399999999984,4189.95,110.65,1098.0,3138.0,12.94,18226.93,1.4975,6682.9,9833.41,2137.16,20880.5,1988.54,7865.27,8786.46,8467.9
2016-07-12,4300.0,4382.0,4291.0,4362.0,4370.4,688921.0,29975.37,-2700.3724999999986,4291.0,112.0,1094.0,3153.0,12.77,18347.67,1.5058,6680.7,9964.07,2152.14,21224.74,1991.23,7937.95,8841.45,8521.05
2016-07-14,4326.0,4439.0,4326.0,4422.1,4428.3,637580.0,28046.51,-2742.3024999999975,4326.0,112.1,1101.9,3157.0,12.49,18506.41,1.5058,6654.5,10068.3,2163.75,21561.06,2008.77,7956.14,8866.35,8565.0
2016-07-15,4450.0,4493.55,4404.5,4477.0,4472.05,654076.0,29145.61,-2761.6999999999975,4404.5,111.45,1085.2,3065.0,12.61,18516.55,1.5058,6669.2,10066.9,2161.74,21659.25,2017.26,8030.06,8949.84,8541.4
2016-07-18,4477.0,4564.4,4432.4,4456.25,4454.75,684924.0,30938.43,-2757.1124999999975,4432.4,110.85,1097.0,3085.0,12.74,18533.05,1.5058,6695.4,10063.13,2166.89,21803.18,2021.11,7986.25,9008.2,8508.7
2016-07-19,4455.2,4499.0,4440.0,4475.0,4485.7,378788.0,16932.35,-2774.7374999999975,4440.0,109.75,1091.4,2998.0,12.84,18559.01,1.5058,6697.4,9981.24,2163.78,21673.2,2016.89,8036.01,9034.86,8528.55
2016-07-20,4471.85,4510.0,4452.05,4465.75,4469.15,357560.0,16009.14,-2804.074999999998,4452.05,108.35,1087.8,2969.0,12.82,18595.03,1.5142,6729.0,10142.01,2173.02,21882.48,2015.46,8051.97,9007.67,8565.85
2016-07-21,4489.0,4493.05,4405.25,4415.0,4413.7,252227.0,11208.78,-2817.1924999999974,4405.25,106.85,1089.6,2902.0,12.84,18517.23,1.5142,6699.9,10156.21,2165.17,22000.49,2012.22,8102.3,9056.55,8510.1
2016-07-22,4421.0,4449.0,4405.0,4419.9,4414.7,339886.0,15039.42,-2841.7474999999968,4405.0,107.45,1085.0,2886.0,12.88,18570.85,1.5142,6730.5,10147.46,2175.03,21964.27,2010.34,8025.35,9013.13,8541.2
2016-07-25,4427.0,4565.0,4421.0,4552.0,4550.55,499616.0,22572.69,-2865.7724999999973,4421.0,107.65,1084.6,2854.0,12.83,18493.06,1.5142,6710.1,10198.24,2168.48,21993.44,2012.32,8049.13,8991.66,8635.65
2016-07-26,4575.15,4584.0,4451.15,4470.9,4471.3,1828186.0,82681.86,-2901.982499999997,4451.15,107.65,1096.2,2851.0,12.9,18473.75,1.5058,6724.0,10247.76,2169.18,22129.73,2027.34,8024.54,9024.78,8590.65
2016-07-27,4510.3,4628.0,4510.0,4555.1,4558.15,1212744.0,55462.61,-2925.9549999999967,4510.0,106.45,1125.4,2857.0,12.93,18472.17,1.5058,6750.4,10319.55,2166.58,22218.99,2025.05,8100.48,9063.38,8615.8
2016-07-28,4579.0,4784.0,4570.55,4759.0,4763.5,1879461.0,88618.79,-2958.967499999997,4570.55,107.0,1138.0,2850.0,12.99,18456.35,1.5058,6721.1,10274.93,2170.06,22174.34,2021.1,8024.98,9076.63,8666.3
2016-07-29,4751.0,4824.0,4720.55,4765.0,4757.6,799265.0,38094.33,-2987.4874999999975,4720.55,108.3,1153.6,2835.0,13.02,18432.24,1.5058,6724.4,10337.5,2173.6,21891.37,2016.19,7963.11,8984.4,8638.5
2016-08-01,4798.95,4885.0,4772.25,4869.05,4866.25,1206974.0,58481.72,-3006.629999999998,4772.25,112.55,1163.2,2926.0,13.02,18404.51,1.505,6694.0,10330.52,2170.84,22129.14,2029.61,8069.81,9080.7,8636.55
2016-08-03,5014.9,5020.0,4853.15,4870.0,4873.85,1019631.0,50097.76,-3092.3174999999974,4853.15,109.85,1169.4,2993.0,12.96,18355.0,1.505,6634.4,10170.21,2163.79,21739.12,1994.79,7888.44,9001.7,8544.85
2016-08-04,4945.0,4945.0,4869.35,4890.0,4889.65,727097.0,35672.62,-3129.7449999999963,4869.35,108.55,1163.5,2991.0,13.08,18352.05,1.5134,6740.2,10227.86,2164.25,21832.23,2000.03,7978.57,9024.7,8551.1
2016-08-05,4919.0,4965.0,4900.0,4941.95,4941.65,598288.0,29531.38,-3129.687499999997,4900.0,109.95,1150.7,3021.0,13.08,18543.53,1.5134,6793.5,10367.21,2182.87,22146.09,2017.94,7970.35,9092.11,8683.15
2016-08-08,4980.0,5010.0,4960.05,4986.95,4991.75,474502.0,23687.45,-3165.6724999999965,4960.05,109.7,1154.7,3031.0,13.07,18529.29,1.5217,6809.1,10432.36,2180.89,22494.76,2031.12,7993.58,9150.25,8711.35
2016-08-09,5009.9,5021.75,4915.4,4957.0,4960.85,508711.0,25224.03,-3200.7949999999964,4915.4,109.6,1160.0,2976.0,13.07,18533.05,1.5217,6851.3,10692.9,2181.74,22465.61,2043.78,8055.06,9155.07,8678.25
2016-08-10,4975.0,4980.0,4850.0,4862.1,4861.6,512317.0,25074.85,-3227.8049999999976,4850.0,109.6,1182.2,3020.0,13.05,18495.66,1.5301,6866.4,10650.89,2175.49,22492.43,2044.64,8051.4,9200.41,8575.3
2016-08-11,4862.1,4923.5,4805.0,4869.1,4878.65,623156.0,30348.97,-3258.6224999999968,4805.0,110.35,1145.1,3002.0,13.05,18613.52,1.5301,6914.7,10742.84,2185.79,22580.55,2048.8,7981.35,9131.82,8592.15
2016-08-16,4948.0,4948.0,4852.0,4858.0,4864.2,793106.0,38828.92,-3298.672499999997,4852.0,112.85,1122.0,3041.0,13.01,18552.02,1.5384,6893.9,10676.65,2178.15,22910.84,2047.76,7983.38,9110.35,8642.55
2016-08-17,4860.0,4911.3,4849.1,4890.0,4889.85,498247.0,24331.54,-3318.8799999999974,4849.1,113.15,1122.5,3055.0,13.03,18573.94,1.5384,6859.2,10537.67,2182.22,22799.78,2043.75,7946.19,9117.69,8624.05
2016-08-18,4920.85,4950.0,4901.0,4911.55,4915.85,479572.0,23638.77,-3417.614999999998,4901.0,112.1,1135.2,3109.0,13.04,18597.7,1.5384,6869.0,10603.03,2187.02,23023.16,2055.47,7952.81,9122.49,8673.25
2016-08-19,4916.0,4933.2,4889.05,4901.0,4900.1,426426.0,20929.99,-3441.9349999999986,4889.05,111.4,1118.2,3095.0,13.03,18552.57,1.5384,6859.0,10544.36,2183.87,22937.22,2056.24,7930.75,9034.26,8666.9
2016-08-22,4896.0,4897.0,4828.0,4835.0,4837.75,292890.0,14205.54,-3454.5874999999987,4828.0,111.5,1107.7,2983.0,13.06,18529.42,1.5468,6828.5,10494.35,2182.64,22997.91,2042.16,7981.21,8981.8,8629.15
2016-08-23,4835.05,4855.2,4800.0,4834.0,4833.8,270869.0,13082.25,-3468.749999999998,4800.0,111.55,1109.7,3039.0,12.98,18547.3,1.5468,6868.5,10592.88,2186.9,22998.93,2049.93,7935.18,9030.92,8632.6
2016-08-24,4890.0,4983.8,4886.45,4941.15,4948.55,952400.0,47158.81,-3481.4624999999987,4886.45,110.1,1082.9,3015.0,12.95,18481.48,1.5468,6835.8,10622.97,2175.44,22820.78,2043.76,7866.13,9017.37,8650.3
2016-08-25,4973.8,4982.8,4906.25,4932.45,4933.7,914319.0,45143.38,-3500.239999999999,4906.25,109.45,1077.7,3025.0,12.83,18448.41,1.5468,6816.9,10529.59,2172.47,22814.95,2042.92,7854.54,9115.46,8592.2
2016-08-30,4955.0,5103.9,4951.0,5060.05,5067.65,996156.0,50413.19,-3542.569999999997,4951.0,108.25,1059.9,2913.0,12.68,18454.3,1.5552,6820.8,10657.64,2176.12,23016.11,2039.74,7794.93,9110.55,8744.35
2016-09-02,5078.0,5188.65,5075.0,5165.0,5160.45,956049.0,49240.67,-3565.1349999999966,5075.0,105.95,1066.6,2923.0,12.91,18491.96,1.5543,6894.6,10683.82,2179.98,23266.7,2038.31,7807.42,8987.54,8809.65
2016-09-07,5319.0,5362.0,5290.1,5337.0,5336.05,734051.0,39157.33,-3613.352499999997,5290.1,105.4,1093.0,2934.0,12.97,18526.14,1.5627,6846.6,10752.98,2186.16,23741.81,2061.88,7619.1,9259.06,8917.95
2016-09-09,5489.7,5489.95,5377.05,5399.95,5403.0,547599.0,29690.29,-3673.0999999999963,5377.05,104.85,1064.6,2794.0,12.93,18085.45,1.5543,6777.0,10573.44,2127.81,24099.7,2037.87,7581.79,9164.87,8866.7
2016-09-19,5569.0,5569.0,5485.0,5497.0,5491.9,632835.0,34853.08,-3817.417499999995,5485.0,105.4,1022.7,2872.0,12.61,18120.17,1.5459,6813.6,10373.87,2139.12,23550.45,2015.78,7575.84,9152.87,8808.4
2016-09-20,5525.0,5560.0,5498.35,5515.0,5514.85,423083.0,23379.91,-3848.154999999995,5498.35,105.1,1031.5,2866.0,12.6,18129.96,1.5459,6830.8,10393.86,2139.76,23530.86,2025.71,7671.72,9161.57,8775.9
2016-09-21,5526.0,5542.5,5462.1,5495.0,5501.25,549370.0,30239.47,-3900.1799999999953,5462.1,105.55,1053.7,2877.0,12.6,18293.7,1.5459,6834.8,10436.49,2163.12,23669.9,2035.99,7675.42,9228.49,8777.15
2016-09-22,5565.35,5634.1,5564.95,5587.0,5597.1,526494.0,29488.5,-3938.3449999999953,5564.95,108.3,1057.1,2920.0,12.63,18392.46,1.5543,6911.4,10674.18,2177.18,23759.8,2049.7,7762.35,9235.25,8867.45
2016-09-23,5630.0,5630.0,5565.6,5611.0,5601.8,559592.0,31356.76,-3948.557499999996,5565.6,108.7,1057.5,2852.0,12.66,18261.45,1.5543,6909.4,10626.97,2164.69,23686.48,2054.07,7723.6,9284.61,8831.55
2016-09-26,5586.0,5625.0,5555.55,5557.7,5568.9,418297.0,23347.69,-3980.317499999995,5555.55,109.9,1042.9,2845.0,12.68,18094.83,1.5543,6818.0,10393.71,2146.1,23317.92,2047.11,7632.46,9194.51,8723.05
2016-09-29,5575.0,5577.0,5395.0,5460.0,5438.6,693217.0,37907.34,-4057.1099999999965,5395.0,111.0,1026.7,2728.0,12.68,18143.45,1.5627,6919.4,10405.54,2151.13,23739.47,2068.72,7714.86,9270.89,8591.25
2016-09-30,5420.0,5497.5,5382.6,5490.2,5477.3,646631.0,35125.59,-4078.2924999999964,5382.6,111.2,1027.0,2761.0,12.7,18308.15,1.5627,6899.3,10511.02,2168.27,23297.15,2043.63,7629.73,9166.84,8611.15
2016-10-04,5715.15,5717.95,5650.0,5673.85,5680.0,464913.0,26400.53,-4112.382499999997,5650.0,111.05,985.9,2815.0,12.61,18168.45,1.5695,7074.3,10619.61,2150.49,23689.44,2054.86,7719.24,9287.76,8769.15
2016-10-05,5707.0,5767.0,5673.0,5689.0,5689.2,644731.0,36875.81,-4151.457499999997,5673.0,111.15,978.3,2836.0,12.54,18281.03,1.5695,7033.3,10585.78,2159.73,23788.31,2053.0,7639.79,9272.27,8743.95
2016-10-06,5700.0,5745.6,5700.0,5710.0,5710.45,416860.0,23835.04,-4170.177499999996,5700.0,111.65,963.0,2787.0,12.58,18268.5,1.5779,7000.0,10568.8,2160.77,23952.5,2065.3,7620.16,9284.3,8709.55
2016-10-13,5690.0,5752.8,5652.6,5745.0,5718.55,441169.0,25122.35,-4188.242499999998,5652.6,112.75,934.9,2696.0,12.32,18098.94,1.5779,6977.7,10414.07,2132.55,23031.3,2015.44,7312.18,9219.16,8573.35
2016-10-14,5760.2,5766.95,5669.1,5686.1,5690.45,352350.0,20081.76,-4204.569999999998,5669.1,111.15,934.2,2718.0,12.22,18138.38,1.5779,7013.6,10580.38,2132.98,23233.31,2022.66,7389.3,9165.16,8583.4
2016-10-17,5699.0,5699.0,5574.6,5600.0,5599.1,400595.0,22542.91,-4262.404999999998,5574.6,111.0,932.7,2690.0,12.08,18086.4,1.5779,6947.6,10503.57,2126.5,23037.54,2027.61,7358.21,9176.21,8520.4
2016-10-18,5621.0,5645.35,5580.1,5620.0,5626.7,487798.0,27400.68,-4265.074999999998,5580.1,109.2,950.5,2698.0,12.29,18161.94,1.5864,7000.1,10631.55,2139.6,23394.39,2040.43,7571.15,9222.57,8677.9
2016-10-19,5633.7,5647.9,5593.05,5596.95,5604.6,384608.0,21593.4,-4241.059999999998,5593.05,108.45,942.1,2724.0,12.56,18202.62,1.5864,7021.9,10645.68,2144.29,23304.97,2040.94,7721.57,9283.98,8659.1
2016-10-20,5615.0,5683.5,5615.0,5640.0,5644.5,311728.0,17614.95,-4247.542499999998,5615.0,107.7,931.4,2717.0,12.6,18162.35,1.5948,7026.9,10701.39,2141.34,23374.4,2040.6,7713.32,9317.23,8699.4
2016-10-24,5666.0,5748.0,5666.0,5710.0,5713.9,412403.0,23557.8,-4226.329999999998,5666.0,109.05,932.7,2705.0,12.54,18223.03,1.5948,6986.4,10761.17,2151.33,23604.08,2047.74,7609.31,9322.49,8708.95
2016-10-25,5734.0,5799.0,5725.65,5798.0,5781.45,339506.0,19562.82,-4175.262499999997,5725.65,111.3,961.9,2735.0,12.5,18169.27,1.5948,7017.6,10757.31,2143.16,23565.11,2037.17,7580.22,9385.64,8691.3
2016-10-26,5796.6,5898.0,5785.0,5870.0,5869.1,590811.0,34552.41,-4190.272499999998,5785.0,112.05,960.5,2769.0,12.4,18199.33,1.5948,6958.1,10709.68,2139.43,23325.43,2013.89,7494.41,9362.24,8615.25
2016-10-27,5897.0,5948.0,5789.1,5885.0,5860.15,1864862.0,109669.47,-4176.559999999998,5789.1,113.25,959.8,2732.0,12.21,18169.68,1.5864,6986.6,10717.08,2133.04,23132.35,2024.12,7445.14,9299.54,8615.25
2016-10-28,5922.0,5928.55,5865.75,5875.2,5876.15,935542.0,55123.49,-4194.2774999999965,5865.75,114.9,980.1,2756.0,12.09,18161.19,1.5779,6996.3,10696.19,2126.41,22954.81,2019.42,7404.8,9306.91,8638.0
2016-11-02,5805.0,5864.9,5785.0,5797.1,5794.6,522312.0,30399.05,-4276.824999999997,5785.0,114.65,992.0,2709.0,12.05,17959.64,1.5593,6845.4,10370.93,2097.94,22810.5,1978.94,7252.4,9139.03,8514.0
2016-11-04,5789.0,5789.0,5667.3,5706.0,5704.85,679821.0,38804.26,-4283.984999999998,5667.3,114.75,999.9,2581.0,12.02,17888.28,1.5593,6693.3,10259.13,2085.18,22642.62,1982.02,7227.37,9068.14,8433.75
2016-11-07,5763.0,5784.85,5708.0,5715.3,5715.95,532212.0,30535.15,-4284.2599999999975,5708.0,115.15,1001.0,2491.0,11.99,18259.6,1.5677,6806.9,10456.95,2131.52,22801.4,1997.58,7197.19,9189.83,8497.05
2016-11-08,5727.8,5731.0,5581.5,5688.25,5669.0,684050.0,38558.58,-4262.419999999998,5581.5,114.8,1005.5,2501.0,11.96,18332.74,1.5677,6843.1,10482.32,2139.56,22909.47,2003.38,7307.8,9217.42,8543.55
2016-11-09,5305.0,5553.0,5305.0,5410.0,5392.95,1299603.0,70484.92,-4246.449999999997,5305.0,116.3,1003.2,2474.0,11.87,18589.69,1.5593,6911.8,10646.01,2163.26,22415.19,1958.38,7119.04,8943.19,8432.0
2016-11-10,5505.5,5517.25,5305.0,5309.0,5328.5,942971.0,50929.65,-4205.597499999997,5305.0,118.5,977.0,2450.0,11.6,18807.88,1.5593,6828.0,10630.12,2167.48,22839.11,2002.6,7181.87,9152.17,8525.75
2016-11-11,5290.0,5292.95,5103.0,5119.05,5134.25,1058491.0,54916.45,-4177.787499999997,5103.0,117.4,946.1,2453.0,11.55,18847.66,1.5593,6730.4,10667.95,2164.45,22531.09,1984.43,6975.09,8957.75,8296.3
2016-11-15,5101.9,5119.05,4806.4,4830.0,4846.6,2793900.0,136696.63,-4159.812499999996,4806.4,117.3,939.8,2378.0,11.37,18923.06,1.5508,6792.7,10735.14,2180.39,22323.91,1967.53,6857.15,8931.02,8108.45
2016-11-16,4924.0,5009.4,4901.55,4980.1,4990.8,1952224.0,96960.0,-4128.017499999998,4901.55,115.45,945.4,2412.0,11.44,18868.14,1.5508,6749.7,10663.87,2176.94,22280.53,1979.65,6966.28,8962.21,8111.6
2016-11-17,5030.0,5048.0,4916.3,4920.0,4925.55,668715.0,33166.38,-4109.714999999997,4916.3,114.7,935.3,2426.0,11.37,18903.82,1.5508,6794.7,10685.54,2187.12,22262.88,1980.55,7050.12,8995.25,8079.95
2016-11-18,4935.0,4989.9,4887.9,4940.0,4950.9,699355.0,34614.57,-4075.034999999997,4887.9,115.35,923.3,2432.0,11.29,18867.93,1.5508,6775.8,10664.56,2181.9,22344.21,1974.58,7067.73,9008.78,8074.1
2016-11-21,4990.0,4990.0,4765.3,4800.0,4787.45,864696.0,41930.22,-4032.497499999997,4765.3,117.55,939.9,2438.0,11.37,18956.69,1.5508,6778.0,10685.13,2198.18,22357.78,1966.05,6979.06,9041.1,7929.1
2016-11-22,4830.0,4956.0,4825.55,4948.0,4934.55,845997.0,41423.76,-3993.5299999999975,4825.55,120.15,940.1,2439.0,11.36,19023.87,1.5593,6819.7,10713.85,2202.94,22678.07,1983.47,6802.73,9133.38,8002.3
2016-11-28,4866.0,4913.0,4833.0,4895.0,4893.75,1387068.0,67819.31,-3802.904999999998,4833.0,118.65,925.9,2403.0,11.26,19097.9,1.5677,6799.5,10582.67,2201.72,22830.57,1978.13,6825.4,9222.23,8126.9
2016-11-29,4898.0,5119.0,4896.0,5104.0,5088.15,874897.0,44206.32,-3787.8049999999985,4896.0,117.7,918.7,2405.0,11.24,19121.6,1.5593,6772.0,10620.49,2204.66,22737.07,1978.39,6781.2,9192.37,8142.15
2016-12-01,5266.0,5307.5,5204.25,5228.0,5252.1,1221883.0,64242.26,-3741.874999999998,5204.25,115.55,916.9,2397.0,11.04,19191.93,1.566,6752.9,10534.05,2191.08,22878.23,1983.75,6864.87,9263.52,8192.9
2016-12-02,5220.0,5236.2,5046.0,5051.0,5068.1,772281.0,39802.0,-3705.002499999998,5046.0,115.25,930.5,2388.0,11.05,19170.42,1.566,6730.7,10513.35,2191.95,22564.82,1970.61,6886.74,9189.48,8086.8
2016-12-06,5220.0,5261.0,5118.05,5132.0,5135.2,646660.0,33589.78,-3643.2699999999977,5118.05,115.9,934.7,2347.0,11.16,19251.78,1.5746,6779.8,10775.32,2212.23,22675.15,1989.86,6806.14,9250.76,8143.15
2016-12-09,5290.0,5312.5,5201.2,5234.0,5235.0,562518.0,29528.55,-3638.9599999999978,5201.2,118.2,916.1,2163.0,11.34,19756.85,1.5916,6954.2,11203.63,2259.53,22760.98,2024.69,7043.16,9392.67,8261.75
2016-12-12,5228.0,5228.0,5120.05,5150.0,5144.4,357439.0,18441.23,-3639.4674999999975,5120.05,117.25,932.2,2233.0,11.32,19796.43,1.5916,6890.4,11190.21,2256.96,22433.02,2027.24,6868.89,9349.93,8170.8
2016-12-13,5178.75,5207.0,5134.05,5160.0,5163.15,484291.0,25056.62,-3678.544999999997,5134.05,117.8,935.8,2282.0,11.37,19911.21,1.6001,6968.6,11284.65,2271.72,22446.7,2035.98,6880.91,9382.13,8221.8
2016-12-14,5179.95,5214.75,5130.2,5139.75,5141.05,371699.0,19211.78,-3686.0574999999967,5130.2,117.9,924.9,2315.0,11.4,19792.53,1.5916,6949.2,11244.84,2253.28,22456.62,2036.87,6928.34,9368.51,8182.45
2016-12-15,5099.95,5197.0,5080.0,5153.0,5152.05,457317.0,23575.78,-3670.6824999999967,5080.0,118.5,896.0,2242.0,11.28,19852.24,1.5916,6999.0,11366.4,2262.03,22059.4,2036.65,6855.31,9360.34,8153.6
2016-12-16,5174.5,5207.0,5151.2,5189.0,5188.65,1170505.0,60710.76,-3682.5699999999965,5151.2,117.05,927.0,2238.0,11.28,19843.41,1.5916,7011.6,11404.01,2258.07,22020.75,2042.24,6850.71,9326.77,8139.45
2016-12-19,5175.0,5195.45,5104.05,5117.2,5115.05,369118.0,18950.97,-3668.3499999999976,5104.05,116.55,916.5,2303.0,11.26,19883.06,1.5916,7017.2,11426.7,2262.53,21832.68,2038.39,6714.13,9239.31,8104.35
2016-12-20,5135.9,5147.5,5072.0,5110.0,5108.0,377676.0,19301.68,-3677.0224999999973,5072.0,117.55,922.9,2256.0,11.26,19974.62,1.5916,7044.0,11464.74,2270.76,21729.06,2041.94,6658.66,9242.4,8082.4
2016-12-21,5119.4,5160.0,5073.55,5159.65,5137.85,413072.0,21194.86,-3709.6724999999965,5073.55,117.55,917.8,2279.0,11.32,19941.96,1.6001,7041.4,11468.64,2265.18,21809.8,2037.96,6686.36,9204.25,8061.3
2016-12-22,5144.0,5144.0,5053.0,5095.0,5084.4,399573.0,20346.85,-3722.384999999997,5053.0,117.9,906.2,2189.0,11.36,19918.88,1.6001,7063.7,11456.1,2260.96,21636.2,2035.73,6587.17,9118.74,7979.1
2016-12-23,5050.0,5214.0,5041.0,5210.0,5197.15,589006.0,30262.92,-3728.262499999996,5041.0,117.75,893.2,2264.0,11.33,19933.81,1.6001,7068.2,11449.93,2263.79,21574.76,2035.9,6563.67,9078.63,7985.75
2016-12-28,5250.0,5278.0,5219.45,5239.95,5231.25,595514.0,31246.27,-3771.7974999999965,5219.45,117.2,898.5,2205.0,11.4,19833.68,1.6001,7106.1,11474.99,2249.92,21754.74,2024.49,6846.44,9201.39,8034.85
2016-12-29,5217.2,5349.0,5217.2,5345.5,5314.8,655325.0,34628.75,-3770.732499999997,5217.2,115.6,897.1,2165.0,11.43,19819.78,1.6001,7120.3,11451.05,2249.26,21790.91,2026.46,6840.64,9153.08,8103.6
